--
-- PostgreSQL database dump
--

-- Dumped from database version 15.6 (Ubuntu 15.6-1.pgdg20.04+1)
-- Dumped by pg_dump version 15.6 (Homebrew)

SET statement_timeout = 0;
SET lock_timeout = 0;
SET idle_in_transaction_session_timeout = 0;
SET client_encoding = 'UTF8';
SET standard_conforming_strings = on;
SELECT pg_catalog.set_config('search_path', '', false);
SET check_function_bodies = false;
SET xmloption = content;
SET client_min_messages = warning;
SET row_security = off;

--
-- Name: heroku_ext; Type: SCHEMA; Schema: -; Owner: -
--

CREATE SCHEMA heroku_ext;


--
-- Name: public; Type: SCHEMA; Schema: -; Owner: -
--

-- *not* creating schema, since initdb creates it


--
-- Name: pg_stat_statements; Type: EXTENSION; Schema: -; Owner: -
--

CREATE EXTENSION IF NOT EXISTS pg_stat_statements WITH SCHEMA heroku_ext;


--
-- Name: EXTENSION pg_stat_statements; Type: COMMENT; Schema: -; Owner: -
--

COMMENT ON EXTENSION pg_stat_statements IS 'track planning and execution statistics of all SQL statements executed';


SET default_tablespace = '';

SET default_table_access_method = heap;

--
-- Name: auth_group; Type: TABLE; Schema: public; Owner: -
--

CREATE TABLE public.auth_group (
    id integer NOT NULL,
    name character varying(150) NOT NULL
);


--
-- Name: auth_group_id_seq; Type: SEQUENCE; Schema: public; Owner: -
--

ALTER TABLE public.auth_group ALTER COLUMN id ADD GENERATED BY DEFAULT AS IDENTITY (
    SEQUENCE NAME public.auth_group_id_seq
    START WITH 1
    INCREMENT BY 1
    NO MINVALUE
    NO MAXVALUE
    CACHE 1
);


--
-- Name: auth_group_permissions; Type: TABLE; Schema: public; Owner: -
--

CREATE TABLE public.auth_group_permissions (
    id bigint NOT NULL,
    group_id integer NOT NULL,
    permission_id integer NOT NULL
);


--
-- Name: auth_group_permissions_id_seq; Type: SEQUENCE; Schema: public; Owner: -
--

ALTER TABLE public.auth_group_permissions ALTER COLUMN id ADD GENERATED BY DEFAULT AS IDENTITY (
    SEQUENCE NAME public.auth_group_permissions_id_seq
    START WITH 1
    INCREMENT BY 1
    NO MINVALUE
    NO MAXVALUE
    CACHE 1
);


--
-- Name: auth_permission; Type: TABLE; Schema: public; Owner: -
--

CREATE TABLE public.auth_permission (
    id integer NOT NULL,
    name character varying(255) NOT NULL,
    content_type_id integer NOT NULL,
    codename character varying(100) NOT NULL
);


--
-- Name: auth_permission_id_seq; Type: SEQUENCE; Schema: public; Owner: -
--

ALTER TABLE public.auth_permission ALTER COLUMN id ADD GENERATED BY DEFAULT AS IDENTITY (
    SEQUENCE NAME public.auth_permission_id_seq
    START WITH 1
    INCREMENT BY 1
    NO MINVALUE
    NO MAXVALUE
    CACHE 1
);


--
-- Name: auth_user; Type: TABLE; Schema: public; Owner: -
--

CREATE TABLE public.auth_user (
    id integer NOT NULL,
    password character varying(128) NOT NULL,
    last_login timestamp with time zone,
    is_superuser boolean NOT NULL,
    username character varying(150) NOT NULL,
    first_name character varying(150) NOT NULL,
    last_name character varying(150) NOT NULL,
    email character varying(254) NOT NULL,
    is_staff boolean NOT NULL,
    is_active boolean NOT NULL,
    date_joined timestamp with time zone NOT NULL
);


--
-- Name: auth_user_groups; Type: TABLE; Schema: public; Owner: -
--

CREATE TABLE public.auth_user_groups (
    id bigint NOT NULL,
    user_id integer NOT NULL,
    group_id integer NOT NULL
);


--
-- Name: auth_user_groups_id_seq; Type: SEQUENCE; Schema: public; Owner: -
--

ALTER TABLE public.auth_user_groups ALTER COLUMN id ADD GENERATED BY DEFAULT AS IDENTITY (
    SEQUENCE NAME public.auth_user_groups_id_seq
    START WITH 1
    INCREMENT BY 1
    NO MINVALUE
    NO MAXVALUE
    CACHE 1
);


--
-- Name: auth_user_id_seq; Type: SEQUENCE; Schema: public; Owner: -
--

ALTER TABLE public.auth_user ALTER COLUMN id ADD GENERATED BY DEFAULT AS IDENTITY (
    SEQUENCE NAME public.auth_user_id_seq
    START WITH 1
    INCREMENT BY 1
    NO MINVALUE
    NO MAXVALUE
    CACHE 1
);


--
-- Name: auth_user_user_permissions; Type: TABLE; Schema: public; Owner: -
--

CREATE TABLE public.auth_user_user_permissions (
    id bigint NOT NULL,
    user_id integer NOT NULL,
    permission_id integer NOT NULL
);


--
-- Name: auth_user_user_permissions_id_seq; Type: SEQUENCE; Schema: public; Owner: -
--

ALTER TABLE public.auth_user_user_permissions ALTER COLUMN id ADD GENERATED BY DEFAULT AS IDENTITY (
    SEQUENCE NAME public.auth_user_user_permissions_id_seq
    START WITH 1
    INCREMENT BY 1
    NO MINVALUE
    NO MAXVALUE
    CACHE 1
);


--
-- Name: authtoken_token; Type: TABLE; Schema: public; Owner: -
--

CREATE TABLE public.authtoken_token (
    key character varying(40) NOT NULL,
    created timestamp with time zone NOT NULL,
    user_id integer NOT NULL
);


--
-- Name: budget_budget; Type: TABLE; Schema: public; Owner: -
--

CREATE TABLE public.budget_budget (
    id integer NOT NULL,
    amount numeric(10,2) NOT NULL,
    start_date date NOT NULL,
    category_id integer NOT NULL,
    currency_id character varying(3) NOT NULL,
    user_id integer NOT NULL
);


--
-- Name: budget_budget_id_seq; Type: SEQUENCE; Schema: public; Owner: -
--

ALTER TABLE public.budget_budget ALTER COLUMN id ADD GENERATED BY DEFAULT AS IDENTITY (
    SEQUENCE NAME public.budget_budget_id_seq
    START WITH 1
    INCREMENT BY 1
    NO MINVALUE
    NO MAXVALUE
    CACHE 1
);


--
-- Name: category_category; Type: TABLE; Schema: public; Owner: -
--

CREATE TABLE public.category_category (
    id integer NOT NULL,
    category character varying(20) NOT NULL,
    income boolean NOT NULL,
    description character varying(255) NOT NULL,
    user_id integer NOT NULL,
    is_default boolean NOT NULL
);


--
-- Name: category_category_id_seq; Type: SEQUENCE; Schema: public; Owner: -
--

ALTER TABLE public.category_category ALTER COLUMN id ADD GENERATED BY DEFAULT AS IDENTITY (
    SEQUENCE NAME public.category_category_id_seq
    START WITH 1
    INCREMENT BY 1
    NO MINVALUE
    NO MAXVALUE
    CACHE 1
);


--
-- Name: currency_currency; Type: TABLE; Schema: public; Owner: -
--

CREATE TABLE public.currency_currency (
    code character varying(3) NOT NULL
);


--
-- Name: django_admin_log; Type: TABLE; Schema: public; Owner: -
--

CREATE TABLE public.django_admin_log (
    id integer NOT NULL,
    action_time timestamp with time zone NOT NULL,
    object_id text,
    object_repr character varying(200) NOT NULL,
    action_flag smallint NOT NULL,
    change_message text NOT NULL,
    content_type_id integer,
    user_id integer NOT NULL,
    CONSTRAINT django_admin_log_action_flag_check CHECK ((action_flag >= 0))
);


--
-- Name: django_admin_log_id_seq; Type: SEQUENCE; Schema: public; Owner: -
--

ALTER TABLE public.django_admin_log ALTER COLUMN id ADD GENERATED BY DEFAULT AS IDENTITY (
    SEQUENCE NAME public.django_admin_log_id_seq
    START WITH 1
    INCREMENT BY 1
    NO MINVALUE
    NO MAXVALUE
    CACHE 1
);


--
-- Name: django_content_type; Type: TABLE; Schema: public; Owner: -
--

CREATE TABLE public.django_content_type (
    id integer NOT NULL,
    app_label character varying(100) NOT NULL,
    model character varying(100) NOT NULL
);


--
-- Name: django_content_type_id_seq; Type: SEQUENCE; Schema: public; Owner: -
--

ALTER TABLE public.django_content_type ALTER COLUMN id ADD GENERATED BY DEFAULT AS IDENTITY (
    SEQUENCE NAME public.django_content_type_id_seq
    START WITH 1
    INCREMENT BY 1
    NO MINVALUE
    NO MAXVALUE
    CACHE 1
);


--
-- Name: django_migrations; Type: TABLE; Schema: public; Owner: -
--

CREATE TABLE public.django_migrations (
    id bigint NOT NULL,
    app character varying(255) NOT NULL,
    name character varying(255) NOT NULL,
    applied timestamp with time zone NOT NULL
);


--
-- Name: django_migrations_id_seq; Type: SEQUENCE; Schema: public; Owner: -
--

ALTER TABLE public.django_migrations ALTER COLUMN id ADD GENERATED BY DEFAULT AS IDENTITY (
    SEQUENCE NAME public.django_migrations_id_seq
    START WITH 1
    INCREMENT BY 1
    NO MINVALUE
    NO MAXVALUE
    CACHE 1
);


--
-- Name: django_session; Type: TABLE; Schema: public; Owner: -
--

CREATE TABLE public.django_session (
    session_key character varying(40) NOT NULL,
    session_data text NOT NULL,
    expire_date timestamp with time zone NOT NULL
);


--
-- Name: fileupload_fileupload; Type: TABLE; Schema: public; Owner: -
--

CREATE TABLE public.fileupload_fileupload (
    id integer NOT NULL,
    file character varying(100) NOT NULL,
    date date NOT NULL,
    status character varying(20) NOT NULL,
    message character varying(500),
    user_id integer NOT NULL
);


--
-- Name: fileupload_fileupload_id_seq; Type: SEQUENCE; Schema: public; Owner: -
--

ALTER TABLE public.fileupload_fileupload ALTER COLUMN id ADD GENERATED BY DEFAULT AS IDENTITY (
    SEQUENCE NAME public.fileupload_fileupload_id_seq
    START WITH 1
    INCREMENT BY 1
    NO MINVALUE
    NO MAXVALUE
    CACHE 1
);


--
-- Name: transaction_transaction; Type: TABLE; Schema: public; Owner: -
--

CREATE TABLE public.transaction_transaction (
    id integer NOT NULL,
    code character varying(20),
    amount numeric(10,2) NOT NULL,
    date date NOT NULL,
    description character varying(255),
    inferred_category boolean NOT NULL,
    category_id integer NOT NULL,
    currency_id character varying(3) NOT NULL,
    file_id integer,
    user_id integer NOT NULL
);


--
-- Name: transaction_transaction_id_seq; Type: SEQUENCE; Schema: public; Owner: -
--

ALTER TABLE public.transaction_transaction ALTER COLUMN id ADD GENERATED BY DEFAULT AS IDENTITY (
    SEQUENCE NAME public.transaction_transaction_id_seq
    START WITH 1
    INCREMENT BY 1
    NO MINVALUE
    NO MAXVALUE
    CACHE 1
);


--
-- Data for Name: auth_group; Type: TABLE DATA; Schema: public; Owner: -
--

COPY public.auth_group (id, name) FROM stdin;
\.


--
-- Data for Name: auth_group_permissions; Type: TABLE DATA; Schema: public; Owner: -
--

COPY public.auth_group_permissions (id, group_id, permission_id) FROM stdin;
\.


--
-- Data for Name: auth_permission; Type: TABLE DATA; Schema: public; Owner: -
--

COPY public.auth_permission (id, name, content_type_id, codename) FROM stdin;
1	Can add log entry	1	add_logentry
2	Can change log entry	1	change_logentry
3	Can delete log entry	1	delete_logentry
4	Can view log entry	1	view_logentry
5	Can add permission	2	add_permission
6	Can change permission	2	change_permission
7	Can delete permission	2	delete_permission
8	Can view permission	2	view_permission
9	Can add group	3	add_group
10	Can change group	3	change_group
11	Can delete group	3	delete_group
12	Can view group	3	view_group
13	Can add user	4	add_user
14	Can change user	4	change_user
15	Can delete user	4	delete_user
16	Can view user	4	view_user
17	Can add content type	5	add_contenttype
18	Can change content type	5	change_contenttype
19	Can delete content type	5	delete_contenttype
20	Can view content type	5	view_contenttype
21	Can add session	6	add_session
22	Can change session	6	change_session
23	Can delete session	6	delete_session
24	Can view session	6	view_session
25	Can add Token	7	add_token
26	Can change Token	7	change_token
27	Can delete Token	7	delete_token
28	Can view Token	7	view_token
29	Can add token	8	add_tokenproxy
30	Can change token	8	change_tokenproxy
31	Can delete token	8	delete_tokenproxy
32	Can view token	8	view_tokenproxy
33	Can add budget	9	add_budget
34	Can change budget	9	change_budget
35	Can delete budget	9	delete_budget
36	Can view budget	9	view_budget
37	Can add category	10	add_category
38	Can change category	10	change_category
39	Can delete category	10	delete_category
40	Can view category	10	view_category
41	Can add currency	11	add_currency
42	Can change currency	11	change_currency
43	Can delete currency	11	delete_currency
44	Can view currency	11	view_currency
45	Can add file upload	12	add_fileupload
46	Can change file upload	12	change_fileupload
47	Can delete file upload	12	delete_fileupload
48	Can view file upload	12	view_fileupload
49	Can add transaction	13	add_transaction
50	Can change transaction	13	change_transaction
51	Can delete transaction	13	delete_transaction
52	Can view transaction	13	view_transaction
\.


--
-- Data for Name: auth_user; Type: TABLE DATA; Schema: public; Owner: -
--

COPY public.auth_user (id, password, last_login, is_superuser, username, first_name, last_name, email, is_staff, is_active, date_joined) FROM stdin;
1	pbkdf2_sha256$720000$yC5X9aYUkoipbUeLYYEpRb$/0anGclFaaz33tDXKYDR93cxS0YjNO1rLzzjnyuQ5q0=	\N	f	wassimwazzi				f	t	2023-12-25 17:24:31.402147+00
2	pbkdf2_sha256$720000$KWRiBStnZZd9vy3qgQ7qJ6$vLtJMQZ6dqfMkjDwgZ1mKYMv15sIJ5xSipB9qn+O6/0=	\N	f	wassimsgirlfriend	Dara	Fakhoury	darafakhoury@gmail.com	f	t	2023-12-25 22:33:36.72559+00
4	pbkdf2_sha256$720000$dpyQTWBywSPAvZZBMgHKrs$/7pcVhLJyRQAC8OjvTk37aaQmTMJmdfRW9g5Jol8ZP4=	\N	f	testuser	test			f	t	2023-12-26 19:46:44.901985+00
5	pbkdf2_sha256$720000$NSXZXV0E9CfjVgeyeWwn7P$TUk5CMKbZddhDkUD+T4z76UM/wM7DNENxX9T+YwyOW4=	\N	f	demo	demo	user		f	t	2023-12-28 17:48:39.153889+00
6	pbkdf2_sha256$720000$wKzVIe87i9YcxnaBaVAAQ0$Yl5U6yxmG7zE481NF7WPRaF2ZTAtDhNuXPB0642wvo8=	\N	f	omar123	Omar	Kabalan	omarwkabalan@gmail.com	f	t	2023-12-28 23:37:51.832983+00
3	pbkdf2_sha256$720000$pSMX1HMI0KyUWFosETNv8o$u4tNXWoz2tDpN4hs1aNwBqYmwDALI2dVa+/EETgjVmw=	2024-01-03 03:39:47.124185+00	t	admin				t	t	2023-12-25 23:31:47.477916+00
\.


--
-- Data for Name: auth_user_groups; Type: TABLE DATA; Schema: public; Owner: -
--

COPY public.auth_user_groups (id, user_id, group_id) FROM stdin;
\.


--
-- Data for Name: auth_user_user_permissions; Type: TABLE DATA; Schema: public; Owner: -
--

COPY public.auth_user_user_permissions (id, user_id, permission_id) FROM stdin;
\.


--
-- Data for Name: authtoken_token; Type: TABLE DATA; Schema: public; Owner: -
--

COPY public.authtoken_token (key, created, user_id) FROM stdin;
62ca3d9f35e3b48b96854a46202ba19d9434e13e	2023-12-25 18:10:04.856337+00	1
531d321a1f6e78ed757679bdc538cc0b85a9190d	2023-12-25 22:33:45.394274+00	2
a47b656e2670575120ac046be80af6f2a7d12893	2023-12-26 19:46:52.776349+00	4
8589038d740623ef21ac256a151604093fead288	2023-12-28 17:48:51.417989+00	5
da9ca3dd70b49d5f06d43fc51aa2f95debd3dd23	2023-12-28 23:38:07.717838+00	6
\.


--
-- Data for Name: budget_budget; Type: TABLE DATA; Schema: public; Owner: -
--

COPY public.budget_budget (id, amount, start_date, category_id, currency_id, user_id) FROM stdin;
1	2050.00	2023-10-01	52	CAD	2
2	400.00	2023-01-01	50	CAD	2
3	400.00	2023-01-01	35	CAD	2
4	100.00	2023-01-01	8	CAD	1
5	40.00	2023-01-01	10	CAD	1
6	400.00	2023-11-01	17	CAD	1
7	300.00	2023-01-01	12	CAD	1
8	12.00	2023-01-01	20	CAD	1
9	40.00	2023-01-01	21	CAD	1
10	100.00	2023-01-01	19	CAD	1
11	50.00	2023-01-01	18	CAD	1
12	50.00	2023-01-01	4	CAD	1
13	1350.00	2023-01-01	14	CAD	1
14	300.00	2023-01-01	7	CAD	1
16	150.00	2023-01-01	17	CAD	1
19	150.00	2023-12-01	17	CAD	1
20	500.00	2023-01-01	106	CAD	5
15	150.00	2023-01-01	23	CAD	1
\.


--
-- Data for Name: category_category; Type: TABLE DATA; Schema: public; Owner: -
--

COPY public.category_category (id, category, income, description, user_id, is_default) FROM stdin;
1	Salary	t	Salary	1	f
2	Reimbursement	t	E.g. Taxes	1	f
3	Other Income	t	No specific category	1	t
5	Depanneur	f	Convenience store	1	f
6	Education	f	Education	1	f
7	Entertainment	f	Entertainment	1	f
8	Fast Food	f	Any food to go / fast food	1	f
9	Fees	f	Any fees or unexpected payments	1	f
10	Food Delivery	f		1	f
11	Gifts	f	Gifts	1	f
12	Groceries	f	Groceries	1	f
13	Health Care	f	Health, beauty, massage, etc.	1	f
14	Home	f	Items for home	1	f
15	Investments	f	Investments	1	f
16	Other Expense	f	No specific category	1	t
17	Restaurants	f		1	f
18	Self Care	f	Health, beauty, massage, etc.	1	f
19	Sports	f	Sports	1	f
20	Subscriptions	f	Subscriptions, e.g. Netflix	1	f
21	Transportation	f	Transportation	1	f
22	Travel	f	Travel	1	f
23	Utilities	f	Utilities	1	f
4	Shopping	f	Shopping	1	f
25	Reimbursement	t	E.g. Taxes	2	f
26	Other Income	t	No specific category	2	t
27	Shopping	f	Shopping	2	f
28	Depanneur	f	Convenience store	2	f
29	Education	f	Education	2	f
30	Entertainment	f	Entertainment	2	f
31	Fast Food	f	Any food to go / fast food	2	f
32	Fees	f	Any fees or unexpected payments	2	f
33	Food Delivery	f		2	f
34	Gifts	f	Gifts	2	f
35	Groceries	f	Groceries	2	f
36	Health Care	f	Health, beauty, massage, etc.	2	f
37	Home	f	Items for home	2	f
38	Investments	f	Investments	2	f
39	Other Expense	f	No specific category	2	t
40	Restaurants	f		2	f
41	Self Care	f	Health, beauty, massage, etc.	2	f
42	Sports	f	Sports	2	f
43	Subscriptions	f	Subscriptions, e.g. Netflix	2	f
44	Transportation	f	Transportation	2	f
45	Travel	f	Travel	2	f
46	Utilities	f	Utilities	2	f
24	Income	t	Income	2	f
47	Uber	f	Uber	2	f
48	Food	f	Food Delivery/Unhealthy	2	f
49	Doctor	f	Doctor	2	f
50	Grocery	f	Grocery	2	f
51	Bills	f	Bills	2	f
52	Rent	f	Rent	2	f
53	Credit Card	f	Credit Card Payment	2	f
54	Salary	t	Salary	3	f
55	Reimbursement	t	E.g. Taxes	3	f
56	Other Income	t	No specific category	3	t
57	Shopping	f	Shopping	3	f
58	Depanneur	f	Convenience store	3	f
59	Education	f	Education	3	f
60	Entertainment	f	Entertainment	3	f
61	Fast Food	f	Any food to go / fast food	3	f
62	Fees	f	Any fees or unexpected payments	3	f
63	Food Delivery	f		3	f
64	Gifts	f	Gifts	3	f
65	Groceries	f	Groceries	3	f
66	Health Care	f	Health, beauty, massage, etc.	3	f
67	Home	f	Items for home	3	f
68	Investments	f	Investments	3	f
69	Other Expense	f	No specific category	3	t
70	Restaurants	f		3	f
71	Self Care	f	Health, beauty, massage, etc.	3	f
72	Sports	f	Sports	3	f
73	Subscriptions	f	Subscriptions, e.g. Netflix	3	f
74	Transportation	f	Transportation	3	f
75	Travel	f	Travel	3	f
76	Utilities	f	Utilities	3	f
77	Salary	t	Salary	4	f
78	Reimbursement	t	E.g. Taxes	4	f
79	Other Income	t	No specific category	4	t
80	Shopping	f	Shopping	4	f
81	Depanneur	f	Convenience store	4	f
82	Education	f	Education	4	f
83	Entertainment	f	Entertainment	4	f
84	Fast Food	f	Any food to go / fast food	4	f
85	Fees	f	Any fees or unexpected payments	4	f
86	Food Delivery	f		4	f
87	Gifts	f	Gifts	4	f
88	Groceries	f	Groceries	4	f
89	Health Care	f	Health, beauty, massage, etc.	4	f
90	Home	f	Items for home	4	f
91	Investments	f	Investments	4	f
92	Other Expense	f	No specific category	4	t
93	Restaurants	f		4	f
94	Self Care	f	Health, beauty, massage, etc.	4	f
95	Sports	f	Sports	4	f
96	Subscriptions	f	Subscriptions, e.g. Netflix	4	f
97	Transportation	f	Transportation	4	f
98	Travel	f	Travel	4	f
99	Utilities	f	Utilities	4	f
100	Salary	t	Salary	5	f
101	Reimbursement	t	E.g. Taxes	5	f
102	Other Income	t	No specific category	5	t
103	Shopping	f	Shopping	5	f
104	Depanneur	f	Convenience store	5	f
105	Education	f	Education	5	f
106	Entertainment	f	Entertainment	5	f
107	Fast Food	f	Any food to go / fast food	5	f
108	Fees	f	Any fees or unexpected payments	5	f
109	Food Delivery	f		5	f
110	Gifts	f	Gifts	5	f
111	Groceries	f	Groceries	5	f
112	Health Care	f	Health, beauty, massage, etc.	5	f
113	Home	f	Items for home	5	f
114	Investments	f	Investments	5	f
115	Other Expense	f	No specific category	5	t
116	Restaurants	f		5	f
117	Self Care	f	Health, beauty, massage, etc.	5	f
118	Sports	f	Sports	5	f
119	Subscriptions	f	Subscriptions, e.g. Netflix	5	f
120	Transportation	f	Transportation	5	f
121	Travel	f	Travel	5	f
122	Utilities	f	Utilities	5	f
123	Salary	t	Salary	6	f
124	Reimbursement	t	E.g. Taxes	6	f
125	Other Income	t	No specific category	6	t
126	Shopping	f	Shopping	6	f
127	Depanneur	f	Convenience store	6	f
128	Education	f	Education	6	f
129	Entertainment	f	Entertainment	6	f
130	Fast Food	f	Any food to go / fast food	6	f
131	Fees	f	Any fees or unexpected payments	6	f
132	Food Delivery	f		6	f
133	Gifts	f	Gifts	6	f
134	Groceries	f	Groceries	6	f
135	Health Care	f	Health, beauty, massage, etc.	6	f
136	Home	f	Items for home	6	f
137	Investments	f	Investments	6	f
138	Other Expense	f	No specific category	6	t
139	Restaurants	f		6	f
140	Self Care	f	Health, beauty, massage, etc.	6	f
141	Sports	f	Sports	6	f
142	Subscriptions	f	Subscriptions, e.g. Netflix	6	f
143	Transportation	f	Transportation	6	f
144	Travel	f	Travel	6	f
145	Utilities	f	Utilities	6	f
\.


--
-- Data for Name: currency_currency; Type: TABLE DATA; Schema: public; Owner: -
--

COPY public.currency_currency (code) FROM stdin;
CAD
LBP
EUR
USD
GBP
\.


--
-- Data for Name: django_admin_log; Type: TABLE DATA; Schema: public; Owner: -
--

COPY public.django_admin_log (id, action_time, object_id, object_repr, action_flag, change_message, content_type_id, user_id) FROM stdin;
\.


--
-- Data for Name: django_content_type; Type: TABLE DATA; Schema: public; Owner: -
--

COPY public.django_content_type (id, app_label, model) FROM stdin;
1	admin	logentry
2	auth	permission
3	auth	group
4	auth	user
5	contenttypes	contenttype
6	sessions	session
7	authtoken	token
8	authtoken	tokenproxy
9	budget	budget
10	category	category
11	currency	currency
12	fileupload	fileupload
13	transaction	transaction
\.


--
-- Data for Name: django_migrations; Type: TABLE DATA; Schema: public; Owner: -
--

COPY public.django_migrations (id, app, name, applied) FROM stdin;
1	contenttypes	0001_initial	2023-12-25 17:14:32.964808+00
2	auth	0001_initial	2023-12-25 17:14:33.056059+00
3	admin	0001_initial	2023-12-25 17:14:33.087222+00
4	admin	0002_logentry_remove_auto_add	2023-12-25 17:14:33.093913+00
5	admin	0003_logentry_add_action_flag_choices	2023-12-25 17:14:33.101038+00
6	contenttypes	0002_remove_content_type_name	2023-12-25 17:14:33.116906+00
7	auth	0002_alter_permission_name_max_length	2023-12-25 17:14:33.126184+00
8	auth	0003_alter_user_email_max_length	2023-12-25 17:14:33.135381+00
9	auth	0004_alter_user_username_opts	2023-12-25 17:14:33.14275+00
10	auth	0005_alter_user_last_login_null	2023-12-25 17:14:33.154147+00
11	auth	0006_require_contenttypes_0002	2023-12-25 17:14:33.157001+00
12	auth	0007_alter_validators_add_error_messages	2023-12-25 17:14:33.164155+00
13	auth	0008_alter_user_username_max_length	2023-12-25 17:14:33.179711+00
14	auth	0009_alter_user_last_name_max_length	2023-12-25 17:14:33.188883+00
15	auth	0010_alter_group_name_max_length	2023-12-25 17:14:33.199133+00
16	auth	0011_update_proxy_permissions	2023-12-25 17:14:33.206158+00
17	auth	0012_alter_user_first_name_max_length	2023-12-25 17:14:33.215829+00
18	authtoken	0001_initial	2023-12-25 17:14:33.236249+00
19	authtoken	0002_auto_20160226_1747	2023-12-25 17:14:33.256142+00
20	authtoken	0003_tokenproxy	2023-12-25 17:14:33.260118+00
21	currency	0001_initial	2023-12-25 17:14:33.272612+00
22	currency	0002_insert_initial_data	2023-12-25 17:14:33.292111+00
23	category	0001_initial	2023-12-25 17:14:33.316346+00
24	category	0002_alter_category_id	2023-12-25 17:14:33.335871+00
25	budget	0001_initial	2023-12-25 17:14:33.395407+00
26	budget	0002_remove_budget_unique_budget_budget_unique_budget	2023-12-25 17:14:33.629757+00
27	category	0003_category_is_default	2023-12-25 17:14:33.647238+00
28	fileupload	0001_initial	2023-12-25 17:14:33.669665+00
29	sessions	0001_initial	2023-12-25 17:14:33.690036+00
30	transaction	0001_initial	2023-12-25 17:14:33.734177+00
31	transaction	0002_alter_transaction_file	2023-12-25 17:14:33.744299+00
32	transaction	0003_alter_transaction_code	2023-12-25 17:14:33.757978+00
33	fileupload	0002_alter_fileupload_message	2023-12-25 21:12:52.199581+00
\.


--
-- Data for Name: django_session; Type: TABLE DATA; Schema: public; Owner: -
--

COPY public.django_session (session_key, session_data, expire_date) FROM stdin;
m270prz9cvxp51tje4twkh8i0zh84u90	.eJxVjEEOgjAQRe_StWksZVrGpXvO0Mx0poIaSCisjHdXEha6_e-9_zKJtnVIW9UljWIuxpvT78aUHzrtQO403Wab52ldRra7Yg9abT-LPq-H-3cwUB2-NTeuFReD9232GjCGjIyZHUY8RyJQCS0A5E4jByZBaLqCwEUKdK6Y9wfTrDf5:1rKs6d:wLNwfygldRBE_DDDjzxWWP0Er70W4k62LXqh_935sgE	2024-01-17 03:39:47.126775+00
\.


--
-- Data for Name: fileupload_fileupload; Type: TABLE DATA; Schema: public; Owner: -
--

COPY public.fileupload_fileupload (id, file, date, status, message, user_id) FROM stdin;
11	uploads/user-2/accountactivity_20231225223751.csv	2023-12-25	FAILED	These income categories do not exist: Income\nThese expense categories do not exist: Clothes, Food, Grocery, Internet, Uber, Doctor\n	2
12	uploads/user-2/accountactivity_20231225224355.csv	2023-12-25	COMPLETED	\N	2
13	uploads/user-4/dec18-21_20231226194708.csv	2023-12-26	PENDING	\N	4
14	uploads/user-4/dec18-21_20231226195106.csv	2023-12-26	PENDING	\N	4
15	uploads/user-4/dec18-21_20231226195530.csv	2023-12-26	PENDING	\N	4
18	uploads/user-1/transactions_2023-12-25_20231226234225.csv	2023-12-26	COMPLETED	\N	1
19	uploads/user-1/dec18-21_20231226234238.csv	2023-12-26	COMPLETED	\N	1
21	uploads/user-1/accountactivity_20240119220751.csv	2024-01-19	COMPLETED	\N	1
22	uploads/user-1/accountactivity_1_20240213133637.csv	2024-02-13	FAILED	Missing columns: description\n	1
23	uploads/user-1/accountactivity_1_20240213133735.csv	2024-02-13	COMPLETED	\N	1
24	uploads/user-1/accountactivity_2_20240221195914.csv	2024-02-21	COMPLETED	\N	1
25	uploads/user-1/accountactivity_20240225234818.csv	2024-02-25	FAILED	rows [1, 2, 3, 4, 5, 6, 7] have dates in the future\n	1
26	uploads/user-1/accountactivity_20240225235019.csv	2024-02-25	FAILED	Error processing file	1
27	uploads/user-1/accountactivity_20240225235224.csv	2024-02-25	COMPLETED	\N	1
\.


--
-- Data for Name: transaction_transaction; Type: TABLE DATA; Schema: public; Owner: -
--

COPY public.transaction_transaction (id, code, amount, date, description, inferred_category, category_id, currency_id, file_id, user_id) FROM stdin;
1433		2730.00	2023-07-27	Salary	f	1	CAD	18	1
1434		357.50	2023-07-27	GST	f	2	CAD	18	1
1435		52.00	2023-07-27	Zara	f	2	CAD	18	1
1436		6286.86	2023-09-15	Morgan Stanley	f	1	CAD	18	1
719	FAMOUS PLAYER #   _M	7.41	2023-10-03		t	39	CAD	12	2
1437		2005.45	2023-09-29	Morgan Stanley	f	1	CAD	18	1
1438		124.00	2023-10-04	Canada GST	f	2	CAD	18	1
1439		2005.45	2023-10-13	Morgan stanley	f	1	CAD	18	1
723	FAMOUS PLAYER #   _M	6.72	2023-10-04		t	39	CAD	12	2
724	FAMOUS PLAYER #   _M	12.29	2023-10-05		t	39	CAD	12	2
1440		1206.00	2023-08-07	900 USD I had from before	f	1	CAD	18	1
726	BLS INTERNATION   _M	1.00	2023-10-06		t	39	CAD	12	2
1441		657.00	2023-08-31	Convert leftover money from travel	f	2	CAD	18	1
1442	MORGAN STANLEY PAY	2005.45	2023-10-31	Salary Morgan Stanley	f	1	CAD	18	1
1443	CANADA           GST	116.75	2023-01-05	Tax reimbursement	f	2	CAD	18	1
1444	GOUV. QUEBEC     STC	146.05	2023-01-05	Tax reimbursement	f	2	CAD	18	1
732	PTS TO:  05276572907	10.00	2023-10-16		t	39	CAD	12	2
733	FAMOUS PLAYER #   _M	6.03	2023-10-16		t	39	CAD	12	2
1445	UHC OF QUEBEC	185.00	2023-01-23		f	2	CAD	18	1
1446	UHC OF QUEBEC	104.37	2023-01-23	Tax reimbursement	f	2	CAD	18	1
1447	B/M PAY-PAIE  PAY	874.97	2023-02-03	Radicle Salary	f	1	CAD	18	1
1448	E-TRANSFER ***uJP	60.00	2023-02-06	Reimbursement	f	2	CAD	18	1
738	SQ *9493=4395 Q   _M	15.00	2023-10-17		t	39	CAD	12	2
1449	B/M PAY-PAIE  PAY	874.99	2023-02-17	Radicle Salary	f	1	CAD	18	1
1450	E-TRANSFER ***Vzb	200.00	2023-02-21	Reimbursement	f	2	CAD	18	1
1451	GC 4575-DEPOSIT	210.00	2023-02-22	Reimbursement	f	2	CAD	18	1
1452	E-TRANSFER ***myQ	184.00	2023-03-01	Reimbursement	f	2	CAD	18	1
1453	B/M PAY-PAIE  PAY	883.50	2023-03-03	Radicle Salary	f	1	CAD	18	1
1454	E-TRANSFER ***46D	41.00	2023-03-08	Reimbursement	f	2	CAD	18	1
1455	B/M PAY-PAIE  PAY	1216.03	2023-03-17	Radicle Salary	f	1	CAD	18	1
1456	Radicle Group    EXP	25.00	2023-03-17	Radicle Salary	f	1	CAD	18	1
1457	E-TRANSFER ***CJ9	21.57	2023-03-29	Reimbursement	f	2	CAD	18	1
1458	B/M PAY-PAIE  PAY	1071.08	2023-03-31	Radicle Salary	f	1	CAD	18	1
1459	CANADA           GST	116.75	2023-04-05	Tax reimbursement	f	2	CAD	18	1
1460	GOUV. QUEBEC     STC	146.05	2023-04-05	Tax reimbursement	f	2	CAD	18	1
1461	B/M PAY-PAIE  PAY	1267.17	2023-04-14	Radicle Salary	f	1	CAD	18	1
1462	CANADA           RIT	919.02	2023-04-27	Tax reimbursement	f	2	CAD	18	1
1463	GOUV. QUEBEC     TRP	799.45	2023-04-27	Tax reimbursement	f	2	CAD	18	1
1464	B/M PAY-PAIE  PAY	977.29	2023-04-28	Radicle Salary	f	1	CAD	18	1
1465	E-TRANSFER ***297	12.00	2023-05-08	Reimbursement	f	2	CAD	18	1
1466	E-TRANSFER ***JBs	15.00	2023-05-08	Reimbursement	f	2	CAD	18	1
1467	B/M PAY-PAIE  PAY	1637.46	2023-05-12	Radicle Salary	f	1	CAD	18	1
1468	B/M PAY-PAIE  PAY	1550.62	2023-05-26	Radicle Salary	f	1	CAD	18	1
1469	B/M PAY-PAIE  PAY	1675.58	2023-06-09	Radicle Salary	f	1	CAD	18	1
1470	B/M PAY-PAIE  PAY	1550.62	2023-06-23	Radicle Salary	f	1	CAD	18	1
1471	MORGAN STANLEY PAY	2005.45	2023-11-15	morgan stanley	f	1	CAD	18	1
1472	MORGAN STANLEY   PAY	2005.45	2023-11-30		f	1	CAD	18	1
1473	MORGAN STANLEY   PAY	1976.09	2023-12-15		f	1	CAD	18	1
1474		1300.00	2023-07-04	Rent	f	14	CAD	18	1
1475		11.49	2023-07-04	Spotify	f	20	CAD	18	1
1476		4.59	2023-07-04	COUCHETARD	f	5	CAD	18	1
1477		50.42	2023-07-04	ADONIS 21945 GR _F	f	12	CAD	18	1
1478		64.56	2023-07-04	France Visa	f	9	CAD	18	1
772	UBER* EATS PEND   _V	24.11	2023-10-30		t	39	CAD	12	2
1479		35.09	2023-07-04	MANULIFE TRAVEL _V	f	9	CAD	18	1
1480		10.11	2023-07-04	CULTURES PMT SA _F	f	8	CAD	18	1
1481		19.61	2023-07-04	AMIR _F	f	8	CAD	18	1
1482		34.37	2023-07-05	ZIBO GRIFFINTOW _F	f	17	CAD	18	1
1483		8.75	2023-07-06	PIZZA DANY _F	f	8	CAD	18	1
1484		2.50	2023-07-06	PIZZA DANY _F	f	8	CAD	18	1
1485		4.17	2023-07-06	COPIE NOVA _F	f	9	CAD	18	1
781	MONTHLY ACCOUNT FEE	16.95	2023-10-31		t	39	CAD	12	2
1486		9.42	2023-07-06	COMPTOIR DU CHE _F	f	8	CAD	18	1
1487		23.52	2023-07-06	METRO ETS 2416 _F	f	12	CAD	18	1
1488		8.16	2023-07-06	PROVIGO LE MARC _F	f	12	CAD	18	1
1489		8.04	2023-07-07	METRO ETS 2416 _F	f	12	CAD	18	1
1490		21.00	2023-07-07	STM LOGE PEEL O _F	f	21	CAD	18	1
787	UBER* PENDING     _V	46.19	2023-11-03		t	39	CAD	12	2
1491		3.00	2023-07-07	SQ *LE CAFE STR _F	f	8	CAD	18	1
789	UBR* PENDI   33.97_V	48.19	2023-11-07		t	39	CAD	12	2
1492		50.59	2023-07-10	SQ *09 SHERBROO	f	8	CAD	18	1
791	TD ATM W/D    009883	60.00	2023-11-08		t	39	CAD	12	2
792	UBER   TRI   34.22_V	48.95	2023-11-09		t	39	CAD	12	2
730	BCA RESEARCH IN  PAY	1700.00	2023-10-13		t	24	CAD	12	2
763	BCA RESEARCH IN  PAY	1700.00	2023-10-30		t	24	CAD	12	2
779	BCA RESEARCH IN  PAY	1700.00	2023-10-31		t	24	CAD	12	2
761	PHARMAPRIX #193   _M	44.23	2023-10-27		t	27	CAD	12	2
760	550 - SEPHORA     _M	152.22	2023-10-27		t	27	CAD	12	2
716	GARAGE #222       _M	57.37	2023-10-03		t	27	CAD	12	2
714	SQ *ONGLERIE BE   _M	15.60	2023-10-03		t	27	CAD	12	2
790	UBER CANADA/UBE   _V	35.46	2023-11-08		t	47	CAD	12	2
782	UBER CANADA/UBE   _V	44.83	2023-11-01		t	47	CAD	12	2
778	550 - SEPHORA     _M	155.70	2023-10-31		t	27	CAD	12	2
777	550 - SEPHORA     _M	100.00	2023-10-31		t	27	CAD	12	2
774	UBER CANADA/UBE   _V	23.00	2023-10-31		t	47	CAD	12	2
773	UBER CANADA/UBE   _V	25.86	2023-10-30		t	47	CAD	12	2
771	UBER CANADA/UBE   _V	38.50	2023-10-30		t	47	CAD	12	2
788	SEND E-TFR ***mju	2050.00	2023-11-07	Rent	f	52	CAD	12	2
786	IW270 TFR-TO 6572907	1000.00	2023-11-02	Credit Card Payment	f	53	CAD	12	2
739	Spotify      12.64_V	12.64	2023-10-19	Subscriptions	f	43	CAD	12	2
748	SEND E-TFR ***muU	600.00	2023-10-23	Credit Card Payment	f	53	CAD	12	2
729	SEND E-TFR ***RFb	2050.00	2023-10-06	Rent	f	52	CAD	12	2
770	UBER CANADA/UBE   _V	18.38	2023-10-30		t	47	CAD	12	2
769	UBER CANADA/UBE   _V	12.57	2023-10-30		t	47	CAD	12	2
767	UBER CANADA/UBE   _V	15.55	2023-10-30		t	47	CAD	12	2
766	UBER CANADA/UBE   _V	15.78	2023-10-30		t	47	CAD	12	2
765	UBER CANADA/UBE   _V	17.83	2023-10-30		t	47	CAD	12	2
764	UBER CANADA/UBE   _V	30.22	2023-10-30		t	47	CAD	12	2
759	UBER CANADA/UBE   _V	33.21	2023-10-27	Transportation	t	47	CAD	12	2
749	UBER CANADA/UBE   _V	32.99	2023-10-23		t	47	CAD	12	2
745	UBER CANADA/UBE   _V	44.39	2023-10-20		t	47	CAD	12	2
743	UBER CANADA/UBE   _V	10.62	2023-10-20		t	47	CAD	12	2
742	UBER CANADA/UBE   _V	25.86	2023-10-20		t	47	CAD	12	2
794	OLLY FRESCO'S C   _M	1.14	2023-11-09		t	48	CAD	12	2
793	OLLY FRESCO'S C   _M	1.71	2023-11-09		t	48	CAD	12	2
785	LA FABRIQUE DE    _M	4.63	2023-11-02		t	48	CAD	12	2
784	OLLY FRESCO'S C   _M	12.51	2023-11-02		t	48	CAD	12	2
1493		62.37	2023-07-10	JAM INDUSTRIES _V	f	4	CAD	18	1
783	LEAVES HOUSE MC   _M	9.08	2023-11-02		t	48	CAD	12	2
780	ESCONDITE         _M	39.46	2023-10-31		t	48	CAD	12	2
776	OLLY FRESCO'S C   _M	1.71	2023-10-31		t	48	CAD	12	2
775	TOM-Le Blossom    _M	23.80	2023-10-31		t	48	CAD	12	2
768	O FOUR            _M	62.41	2023-10-30		t	48	CAD	12	2
762	WIENSTEIN & GAV   _F	41.40	2023-10-27		t	48	CAD	12	2
758	LA FABRIQUE DE    _M	4.63	2023-10-26		t	48	CAD	12	2
757	KARMA POKE        _M	25.78	2023-10-26		t	48	CAD	12	2
756	LEAVES HOUSE MC   _M	9.49	2023-10-26		t	48	CAD	12	2
755	LA FABRIQUE DE    _M	4.63	2023-10-25		t	48	CAD	12	2
754	OLLY FRESCO'S C   _M	1.71	2023-10-25		t	48	CAD	12	2
752	LA FABRIQUE DE    _M	4.54	2023-10-24		t	48	CAD	12	2
751	OLLY FRESCO'S C   _M	1.71	2023-10-24		t	48	CAD	12	2
747	SHAWARMAZ PEEL    _M	5.74	2023-10-23		t	48	CAD	12	2
741	OLLY FRESCO'S C   _M	5.73	2023-10-19		t	48	CAD	12	2
740	OLLY FRESCO'S C   _M	17.43	2023-10-19		t	48	CAD	12	2
737	OLLY FRESCO'S C   _M	1.71	2023-10-17		t	48	CAD	12	2
736	Patisserie Mahr   _M	26.10	2023-10-16		t	48	CAD	12	2
731	AMEA CAFE         _M	51.55	2023-10-16		t	48	CAD	12	2
728	STARBUCKS 800-7   _V	13.11	2023-10-06		t	48	CAD	12	2
725	OLLY FRESCO'S C   _M	10.53	2023-10-05		t	48	CAD	12	2
721	OLLY FRESCO'S C   _M	21.77	2023-10-03		t	48	CAD	12	2
720	OLLY FRESCO'S C   _M	5.12	2023-10-03		t	48	CAD	12	2
718	STARBUCKS COFFE   _M	13.62	2023-10-03		t	48	CAD	12	2
717	STARBUCKS COFFE   _M	8.41	2023-10-03		t	48	CAD	12	2
715	CAFFETTIERA CAF   _M	17.19	2023-10-03		t	48	CAD	12	2
753	CREAMED CLINIQU   _M	243.99	2023-10-24		t	49	CAD	12	2
750	PROVIGO LE MARC   _M	91.31	2023-10-23		t	50	CAD	12	2
746	PROVIGO LE MARC   _M	70.86	2023-10-23		t	50	CAD	12	2
744	PROVIGO LE MARC   _M	14.37	2023-10-20		t	50	CAD	12	2
735	PROVIGO LE MARC   _M	25.20	2023-10-16		t	50	CAD	12	2
734	PROVIGO LE MARC   _M	22.06	2023-10-16		t	50	CAD	12	2
722	PROVIGO LE MARC   _M	68.00	2023-10-03		t	50	CAD	12	2
727	VIDEOTRON LTEE    _V	284.02	2023-10-06		t	51	CAD	12	2
795	UBER CANADA/UBE   _V	25.84	2023-11-09	Transportation	f	47	CAD	12	2
1494		31.46	2023-07-10	PROVIGO LE MARC _F	f	12	CAD	18	1
1495		18.52	2023-07-10	SOCIETE DU PARC _F	f	17	CAD	18	1
1496		10.46	2023-07-10	UBER CANADA/UBE _V	f	21	CAD	18	1
1497		60.82	2023-07-10	O FOUR _F	f	17	CAD	18	1
1498		4.59	2023-07-10	COUCHETARD #749 _F	f	5	CAD	18	1
1499		3.95	2023-07-10	COUCHETARD #568 _F	f	5	CAD	18	1
1500		23.52	2023-07-10	FIDO MOBILE BPY	f	23	CAD	18	1
1501		48.27	2023-07-11	METRO ETS 2416 _F	f	12	CAD	18	1
1502		57.49	2023-07-11	VIRGIN PLUS BPY	f	23	CAD	18	1
1503		28.73	2023-07-14	JEAN COUTU 385 _F	f	9	CAD	18	1
1504		30.00	2023-07-14	SEND E-TFR ***FsH	f	7	CAD	18	1
1505		15.00	2023-07-14	SEND E-TFR *j6e	f	7	CAD	18	1
1506		10.00	2023-07-14	PROVIGO LE MARC _F	f	12	CAD	18	1
1507		2.90	2023-07-17	COPIE CONCORDIA _F	f	9	CAD	18	1
1508		200.00	2023-07-17	APPLE.COM/CA _V	f	4	CAD	18	1
1509		4.40	2023-07-17	PIZZA DANY _F	f	8	CAD	18	1
1510		6.44	2023-07-17	MARCHE STANLEY _F	f	5	CAD	18	1
1511		1556.76	2023-07-17	APPLE.COM/CA _V	f	4	CAD	18	1
1512		23.97	2023-07-17	UBER EATS PEND _V	f	10	CAD	18	1
1513		12.65	2023-07-17	METRO ETS 2416 _F	f	12	CAD	18	1
1514		19.96	2023-07-17	MCDONALD'S #405	f	8	CAD	18	1
1515		7.25	2023-07-17	PAYBYPHONE CITY _V	f	21	CAD	18	1
1516		11.49	2023-07-18	UBER CANADA/UBE _V	f	10	CAD	18	1
1517		19.98	2023-07-19	UBER CANADA/UBE _V	f	10	CAD	18	1
1518		1.18	2023-07-19	EXPERT SHIPPING _F	f	9	CAD	18	1
1519		1.15	2023-07-19	EXPERT SHIPPING _F	f	9	CAD	18	1
1520		23.08	2023-07-21	UBER EATS PEND _V	f	10	CAD	18	1
1521		36.37	2023-07-24	ADONIS 21945 GR _F	f	12	CAD	18	1
1522		10.21	2023-07-24	MCDONALD'S #400 _F	f	8	CAD	18	1
1523		35.00	2023-07-24	CINEPLEX ENTERT _V	f	7	CAD	18	1
1524		16.36	2023-07-24	COUCHETARD #568 _F	f	5	CAD	18	1
1525		27.78	2023-07-24	METRO ETS 2416 _F	f	12	CAD	18	1
1526		7.00	2023-07-24	STM LUCIEN L AL	f	21	CAD	18	1
1527		100.00	2023-07-24	SEND E-TFR ***NU3	f	7	CAD	18	1
1528		23.60	2023-07-25	UBER CANADA/UBE _V	f	8	CAD	18	1
1529		58.74	2023-07-26	INDIGO 282 _F	f	6	CAD	18	1
1530		287.25	2023-07-26	VF SERVICES (CA	f	9	CAD	18	1
1531		21.42	2023-07-26	METRO ETS 2416 _F	f	12	CAD	18	1
1532		42.50	2023-07-27	Barber	f	18	CAD	18	1
1533		25.00	2023-07-27	Cleo	f	7	CAD	18	1
1534		1300.00	2023-09-01	Rent	f	14	CAD	18	1
1535		5.74	2023-09-01	IGA	f	12	CAD	18	1
1536		3.67	2023-09-01	McDonald’s	f	8	CAD	18	1
1537		4.09	2023-09-02	Metro	f	12	CAD	18	1
1538		19.87	2023-09-02	Metro	f	12	CAD	18	1
1539		115.00	2023-09-02	Flyjin	f	7	CAD	18	1
1540		11.49	2023-09-03	Spotify	f	20	CAD	18	1
1541		24.11	2023-09-05	uber eats	f	10	CAD	18	1
1542		25.33	2023-09-05	STORE # 1258      _V (idk?)	f	16	CAD	18	1
1543		1.44	2023-09-06	BIXI MONTREAL     _V	f	21	CAD	18	1
1544		3.00	2023-09-06	USAT_TD710227     _F	f	9	CAD	18	1
1545		0.69	2023-09-07	BIXI MONTREAL     _V	f	21	CAD	18	1
1546		47.96	2023-09-07	Phone	f	23	CAD	18	1
1547		3.49	2023-09-08	Juice for pre	f	5	CAD	18	1
1548		3.74	2023-09-08	Uber split	f	21	CAD	18	1
1549		6.53	2023-09-08	McDonald’s	f	8	CAD	18	1
1550		48.00	2023-09-08	E-transfer to geday for sahra	f	7	CAD	18	1
1551		118.66	2023-09-09	Enfants terribles Muna and Loulou	f	17	CAD	18	1
1552		4.64	2023-09-11	Uber eats	f	10	CAD	18	1
1553		25.00	2023-09-11	Amazon (remote + batteries)	f	4	CAD	18	1
1554		25.47	2023-09-11	Metro	f	12	CAD	18	1
1555		57.50	2023-09-11	Wifi	f	23	CAD	18	1
1556		35.00	2023-09-13	Barber	f	18	CAD	18	1
1557		114.00	2023-09-14	Catchart Morgan Stanley	f	7	CAD	18	1
1558		50.00	2023-09-15	Flyjin Morgan Stanley	f	7	CAD	18	1
1559		25.00	2023-09-16	Dentist	f	18	CAD	18	1
1560		40.00	2023-09-16	Hello Fresh	f	12	CAD	18	1
1561		12.00	2023-09-17	Amazon (floss)	f	12	CAD	18	1
1562		54.00	2023-09-14	Metro	f	12	CAD	18	1
1563		9.73	2023-09-18	MCDONALD'S	f	8	CAD	18	1
1564		20.00	2023-09-19	Morgan Stanley casino night	f	7	CAD	18	1
1565		14.27	2023-09-19	METRO	f	12	CAD	18	1
1566		20.00	2023-09-20	Morgan Stanley cafeteria	f	8	CAD	18	1
1567		12.30	2023-09-20	provigo	f	12	CAD	18	1
1568		17.00	2023-09-21	Monopole wine bar	f	7	CAD	18	1
1569		10.20	2023-09-21	McDonald’s	f	8	CAD	18	1
1570		37.20	2023-09-22	cineplex	f	7	CAD	18	1
1571		93.00	2023-09-22	Shodan	f	17	CAD	18	1
1572		31.30	2023-09-23	BBQ	f	12	CAD	18	1
1573		78.20	2023-09-23	HelloFresh	f	12	CAD	18	1
1574		30.00	2023-09-23	Intramurals jersey	f	4	CAD	18	1
1575		31.00	2023-09-24	Metro	f	12	CAD	18	1
1576		20.00	2023-09-25	Metro	f	12	CAD	18	1
1577		80.30	2023-09-26	Hydro Quebec	f	23	CAD	18	1
1578		4.20	2023-09-27	Floss	f	18	CAD	18	1
1579		35.40	2023-09-27	uber eats	f	10	CAD	18	1
1580		13.80	2023-09-28	Morgan Stanley cafeteria	f	8	CAD	18	1
1581		7.00	2023-09-28	Metro tickets	f	21	CAD	18	1
1582		25.40	2023-09-28	Fitzroy bar	f	7	CAD	18	1
1583		10.20	2023-09-28	McDonald’s	f	8	CAD	18	1
1584		17.00	2023-09-29	Account fee	f	9	CAD	18	1
1585		1.30	2023-09-30	Dep	f	5	CAD	18	1
1586		37.00	2023-09-30	Provigo	f	12	CAD	18	1
1587		7.00	2023-09-30	stm metro	f	21	CAD	18	1
1588		29.00	2023-09-30	piknic drinks	f	7	CAD	18	1
1589		15.00	2023-09-30	Picnic food	f	8	CAD	18	1
1590		21.00	2023-09-30	McDonald’s	f	8	CAD	18	1
1591		17.00	2023-09-30	Banking fee	f	9	CAD	18	1
1592		1300.00	2023-10-01	Rent	f	14	CAD	18	1
1593		12.64	2023-10-03	Spotify 12.64_V	f	20	CAD	18	1
1594		28.00	2023-10-03	Uber eats	f	10	CAD	18	1
1595		71.50	2023-10-04	Kinton Ramen	f	17	CAD	18	1
1596		21.80	2023-10-05	Amir	f	8	CAD	18	1
1597		12.70	2023-10-06	metro	f	12	CAD	18	1
1598		42.50	2023-10-06	haircut	f	18	CAD	18	1
1599		16.10	2023-10-07	Über eats	f	10	CAD	18	1
1600		22.00	2023-10-07	saq	f	7	CAD	18	1
1601		5.50	2023-10-07	Über	f	21	CAD	18	1
1602		13.30	2023-10-07	Couchetard cigs	f	5	CAD	18	1
1603		5.00	2023-10-07	Flyjin bathroom tip	f	9	CAD	18	1
1604		50.00	2023-10-07	Flyjin	f	7	CAD	18	1
1605		11.10	2023-10-07	Über	f	21	CAD	18	1
1606		28.00	2023-10-08	Uber eats	f	10	CAD	18	1
1607		9.29	2023-10-10	Über	f	21	CAD	18	1
1608		46.50	2023-10-10	Virgin phone	f	23	CAD	18	1
1609		19.52	2023-10-11	provigo	f	12	CAD	18	1
1610		57.50	2023-10-11	Virgin wifi	f	23	CAD	18	1
1611		15.66	2023-10-12	metro	f	12	CAD	18	1
1612		36.62	2023-10-12	Uber eats	f	10	CAD	18	1
1613		49.60	2023-10-14	deville	f	17	CAD	18	1
1614		2657.00	2023-10-15	Send 2000 usd to nido	f	11	CAD	18	1
1615		5.30	2023-10-15	Couchetard mcmuffin	f	8	CAD	18	1
1616		26.50	2023-10-15	Amen cafe	f	17	CAD	18	1
1617		13.00	2023-10-17	Dispensa	f	8	CAD	18	1
1618		28.60	2023-10-17	monopole	f	7	CAD	18	1
1619		12.00	2023-10-17	Altar grill	f	8	CAD	18	1
1620		20.00	2023-10-18	provigo	f	12	CAD	18	1
1621		7.35	2023-10-20	McDonald’s	f	8	CAD	18	1
1622		17.40	2023-10-20	Uber eats	f	10	CAD	18	1
1623		14.00	2023-10-21	Uber eats	f	10	CAD	18	1
1624		70.55	2023-10-21	Cloakroom bar	f	7	CAD	18	1
1625		23.00	2023-10-23	Pizzeria 900	f	17	CAD	18	1
1626		32.12	2023-10-23	Uber eats groceries	f	12	CAD	18	1
1627		17.40	2023-10-24	Adonis food	f	8	CAD	18	1
1628		6.50	2023-10-25	pharmacie	f	18	CAD	18	1
1629		19.20	2023-10-25	Provigo food	f	8	CAD	18	1
1630		7.82	2023-10-26	MS cafeteria	f	8	CAD	18	1
1631		55.30	2023-10-26	moretti	f	17	CAD	18	1
1632		22.00	2023-10-27	metro	f	12	CAD	18	1
1633		800.00	2023-10-27	Nido ticket	f	11	CAD	18	1
1634		16.66	2023-10-27	Pharmaprix shampoo	f	12	CAD	18	1
1635	EPICERIE FINE I _F	8.00	2023-10-27	italimenti	f	8	CAD	18	1
1636		1300.00	2023-08-01	Rent	f	14	CAD	18	1
1637		3000.00	2023-07-31	McGill Loan	f	9	CAD	18	1
1638		48.00	2023-08-01	Virgin Phone	f	23	CAD	18	1
1639		40.00	2023-08-01	Bailey’s SAQ	f	7	CAD	18	1
1640		34.00	2023-08-01	Parking Fine Ottawa	f	9	CAD	18	1
1641		30.00	2023-08-02	Metro	f	12	CAD	18	1
1642		4.00	2023-08-02	Provigo	f	12	CAD	18	1
1643		16.50	2023-08-03	Adonis	f	12	CAD	18	1
1644		11.49	2023-08-03	Spotify	f	20	CAD	18	1
1645		4.25	2023-08-04	Gatorade	f	5	CAD	18	1
1646		20.70	2023-08-05	AYLWIN BBQ	f	17	CAD	18	1
1647		2.00	2023-08-05	Air pump at gas station	f	9	CAD	18	1
1648		8.00	2023-08-07	Provigo Food (Escalope + pasta)	f	8	CAD	18	1
1649		1000.00	2023-08-08	Convert CAD to Euro	f	22	CAD	18	1
1650		12.52	2023-08-08	Metro	f	12	CAD	18	1
1651		1415.85	2023-08-08	Air Canada ticket	f	22	CAD	18	1
1652		9.02	2023-08-09	Shawarmaz	f	8	CAD	18	1
1653		57.49	2023-08-10	VIRGIN PLUS BPY	f	23	CAD	18	1
1654		46.50	2023-08-10	VIRGIN PLUS V	f	23	CAD	18	1
1655		11.00	2023-08-11	Airport Bus Ticket	f	22	CAD	18	1
1656		30.63	2023-08-14	LIME	f	22	CAD	18	1
1657		30.54	2023-08-17	LIME	f	22	CAD	18	1
1658		1.28	2023-08-17	LIME	f	22	CAD	18	1
1659		346.64	2023-08-17	ZARA	f	4	CAD	18	1
1660		30.54	2023-08-17	LIME	f	22	CAD	18	1
1661		7.56	2023-08-21	METRO	f	22	CAD	18	1
1662		345.87	2023-08-21	ZARA	f	4	CAD	18	1
1663		670.00	2023-08-21	Convert 500 USD to Euro	f	22	CAD	18	1
1664		7.03	2023-08-22	eSim for Nido	f	22	CAD	18	1
1665		4.25	2023-08-22	LIME	f	22	CAD	18	1
1666		81.20	2023-08-22	Communauto	f	21	CAD	18	1
1667		11.00	2023-08-22	Bus Ticket MTL Airport	f	22	CAD	18	1
1668		6.43	2023-08-22	McDonalds breakfast	f	8	CAD	18	1
1669		34.46	2023-08-27	2 Brita Filiters	f	12	CAD	18	1
1670		1.22	2023-08-29	JEAN COUTU 250 _F	f	12	CAD	18	1
1671		14.96	2023-08-29	PROVIGO LE MARC _F	f	12	CAD	18	1
1672	SIAM CENTRE-VIL _F	83.28	2023-08-30	siam restaurant	f	17	CAD	18	1
1673		3.00	2023-08-30	USAT_TD710227 _F	f	9	CAD	18	1
1674		13.09	2023-08-31	METRO ETS 2416 _F	f	12	CAD	18	1
1675		28.28	2023-08-31	METRO ETS 2416 _F	f	12	CAD	18	1
1676		13.22	2023-08-31	Decathlon fix bike	f	9	CAD	18	1
1677	SEND E-TFR ***AAC	460.00	2023-10-23	Bota Bota spa	f	11	CAD	18	1
1678	LS 9159-6809 Qu   _F	156.68	2023-10-30	Onoir restaurant	f	17	CAD	18	1
1679	UBER CANADA/UBE   _V	16.76	2023-10-30	Uber taxi	f	21	CAD	18	1
1680	EUREST-43224      _F	7.85	2023-10-31	Morgan Stanley Cafeteria / fast food	f	8	CAD	18	1
1681	EUREST-43224      _F	5.75	2023-11-02	Morgan Stanley Cafeteria / fast food	f	8	CAD	18	1
1682	CANTEEN CANADA    _F	3.74	2023-11-02	Morgan Stanley vending machine / fast food	f	8	CAD	18	1
1683		1300.00	2023-11-04	Rent	f	14	CAD	18	1
1684	TD ATM W/D 000261	20.00	2023-11-04	Casino	f	7	CAD	18	1
1685	MCKIBBIN'S BISH _F	64.37	2023-11-04	McKibbin's bar	f	7	CAD	18	1
1686	SALSATHEQUE _F	41.00	2023-11-04	SALSATHEQUE night club	f	7	CAD	18	1
1687	SIMLY 20.00_V	28.37	2023-11-06	Simly electronic sim	f	23	CAD	18	1
1688	METRO ETS 2416 _F	17.76	2023-11-07	Metro groceries	f	12	CAD	18	1
1689	LAINING ORIENTA _F	31.00	2023-11-07	china town souvenirs	f	14	CAD	18	1
1690	VIRGIN PLUS BPY	31.00	2023-11-07	virgin cellular	f	23	CAD	18	1
1691	FIVE GUYS BURGE _F	25.48	2023-11-07	five guys burger	f	8	CAD	18	1
1692	Spotify 12.64_V	12.64	2023-11-08	Spotify subscription	f	20	CAD	18	1
1693	HM St. Catherin _F	76.54	2023-11-08	H&M	f	4	CAD	18	1
1694	SHAWARMAZ PEEL _F	34.05	2023-11-09	SHAWARMAZ	f	8	CAD	18	1
1695	FIDO MOBILE      BPY	40.77	2023-01-09	phone	f	23	CAD	18	1
1696	VIRGIN PLUS      BPY	57.49	2023-01-10		f	23	CAD	18	1
1697	NAUTILUS PLUS -   _V	22.98	2023-01-13	gym	f	19	CAD	18	1
1698	MEA         100.00_V	138.91	2023-01-17		f	16	CAD	18	1
1699	HMSHost He   11.78_V	11.78	2023-01-17		f	16	CAD	18	1
1700	Amazon.ca         _V	23.11	2023-01-18	amazon	f	4	CAD	18	1
1701	PROVIGO LE MARC   _F	14.36	2023-01-18	provigo groceries	f	12	CAD	18	1
1702	PROVIGO LE MARC   _F	25.40	2023-01-18		f	12	CAD	18	1
1703	TOM-Burger T	62.63	2023-01-19	burger	f	17	CAD	18	1
1704	K2 PLUS BISTRO    _F	34.36	2023-01-20	k2 sushi	f	17	CAD	18	1
1705	PROVIGO LE MARC   _F	72.70	2023-01-23		f	12	CAD	18	1
1706	UPS STORE #344    _F	58.65	2023-01-23		f	16	CAD	18	1
1707	SEND E-TFR ***Hyz	1300.00	2023-01-23	Home Rent	f	14	CAD	18	1
1708	CANTOR            _F	8.49	2023-01-23		f	16	CAD	18	1
1709	SEND E-TFR ***6JD	650.00	2023-01-23		f	14	CAD	18	1
1710	SEND E-TFR ***Gj5	250.00	2023-01-23		f	14	CAD	18	1
1711	PETRO-CANADA      _F	16.12	2023-01-23	fuel	f	21	CAD	18	1
1712	SEND E-TFR ***Drz	1700.00	2023-01-23		f	14	CAD	18	1
1713	GYU-KAKU BBQ JA   _F	34.57	2023-01-23	gyu kaku restaurant	f	17	CAD	18	1
1714	5498 MCGILL MCI   _F	4.93	2023-01-24		f	16	CAD	18	1
1715	UBER CANADA       _V	25.81	2023-01-24		f	21	CAD	18	1
1716	SEND E-TFR ***ZZX	1.00	2023-01-25		f	14	CAD	18	1
1717	SOUPE CAFE ET C   _F	4.58	2023-01-25		f	16	CAD	18	1
1718	PROVIGO LE MARC	25.66	2023-01-26		f	12	CAD	18	1
1719	NAUTILUS PLUS -   _V	22.98	2023-01-27		f	19	CAD	18	1
1720	PROVIGO LE MARC   _F	60.38	2023-01-30		f	12	CAD	18	1
1721	STM LOGE PEEL O   _F	13.00	2023-01-30	stm metro	f	21	CAD	18	1
1722	SALLE DE QUILLE	48.40	2023-01-30		f	7	CAD	18	1
1723	SALLE DE QUILLE	13.25	2023-01-30	bowling	f	7	CAD	18	1
1724	STM VERDUN DIN1	3.50	2023-01-30	stm metro	f	21	CAD	18	1
1725	STM LOGE LUCIEN   _F	3.50	2023-01-30	stm metro	f	21	CAD	18	1
1726	IKEA MONTREAL     _F	11.19	2023-01-30	ikea	f	14	CAD	18	1
1727	STM COTE VERTU	3.50	2023-01-30	stm  metro	f	21	CAD	18	1
1728	PROVIGO LE MARC   _F	48.32	2023-01-30		f	12	CAD	18	1
1729	PROVIGO LE MARC   _F	6.18	2023-01-30		f	12	CAD	18	1
1730	5512 MCGILL MCC   _F	15.26	2023-01-31		f	16	CAD	18	1
1731	UBER CANADA       _V	47.56	2023-01-31		f	21	CAD	18	1
1732	PORTIONS          _F	4.89	2023-02-01		f	16	CAD	18	1
1733	CAP REIT          _F	32.00	2023-02-02		f	16	CAD	18	1
1734	COMPTOIR DU CHE   _F	15.78	2023-02-02		f	8	CAD	18	1
1735	METRO ETS  2416   _F	49.63	2023-02-02		f	12	CAD	18	1
1736	UBER* PENDING     _V	11.49	2023-02-03	uber	f	21	CAD	18	1
1737	METRO ETS  2416   _F	51.19	2023-02-03		f	12	CAD	18	1
1738	WWW.IKEA.CA       _V	654.07	2023-02-03	ikea	f	14	CAD	18	1
1739	AMZN Mktp CA      _V	229.94	2023-02-03		f	4	CAD	18	1
1740	AMZN Mktp CA      _V	9.04	2023-02-03		f	4	CAD	18	1
1741	AMZN Mktp CA      _V	180.57	2023-02-03	amazon	f	4	CAD	18	1
1742	DEPANNEUR NOORI   _F	2.85	2023-02-03		f	16	CAD	18	1
1743	UBER* TRIP        _V	15.56	2023-02-06		f	21	CAD	18	1
1744	STRUCTUBE	1986.77	2023-02-06	furniture	f	14	CAD	18	1
1745	STRUCTUBE         _F	42.54	2023-02-06	furniture	f	14	CAD	18	1
1746	UBER CANADA       _V	12.55	2023-02-06		f	21	CAD	18	1
1747	METRO ETS  2416   _F	43.00	2023-02-06		f	12	CAD	18	1
1748	PORTIONS          _F	10.64	2023-02-07		f	16	CAD	18	1
1749	METRO ETS  2416   _F	2.16	2023-02-07		f	12	CAD	18	1
1750	UBER* EATS PEND   _V	20.96	2023-02-07		f	10	CAD	18	1
1751	CHARCUTERIE LE    _F	8.37	2023-02-09		f	16	CAD	18	1
1752	FIDO MOBILE      BPY	40.77	2023-02-09		f	23	CAD	18	1
1753	NAUTILUS PLUS -   _V	22.98	2023-02-10		f	19	CAD	18	1
1754	PROVIGO LE MARC   _F	10.17	2023-02-10		f	12	CAD	18	1
1755	PAYPAL *AMAZEES   _V	59.79	2023-02-10		f	16	CAD	18	1
1756	VIRGIN PLUS      BPY	57.49	2023-02-10		f	23	CAD	18	1
1757	UBER* PENDING     _V	16.91	2023-02-13		f	21	CAD	18	1
1758	UBER* PENDING     _V	0.10	2023-02-13		f	21	CAD	18	1
1759	UBER* EATS PEND   _V	21.62	2023-02-13	uber eats	f	10	CAD	18	1
1760	PROVIGO LE MARC   _F	6.88	2023-02-13		f	12	CAD	18	1
1761	PROVIGO LE MARC	81.06	2023-02-14		f	12	CAD	18	1
1762	COMPTOIR DU CHE   _F	29.42	2023-02-14	comptoir du chef	f	8	CAD	18	1
1763	FLEURISTE CENTR   _F	35.64	2023-02-14	flowers	f	11	CAD	18	1
1764	STRUCTUBE         _F	68.99	2023-02-15	furniture	f	14	CAD	18	1
1765	COMPTOIR DU CHE   _F	23.80	2023-02-16		f	8	CAD	18	1
1766	COMPTOIR DU CHE   _F	2.30	2023-02-17		f	8	CAD	18	1
1767	TMCANADA    *RE   _V	81.00	2023-02-17	wwe	f	7	CAD	18	1
1768	UBER CANADA       _V	16.30	2023-02-17		f	21	CAD	18	1
1769	UBER CANADA       _V	1.02	2023-02-21		f	21	CAD	18	1
1770	UBER* EATS PEND   _V	29.34	2023-02-21		f	10	CAD	18	1
1771	SEND E-TFR ***9xE	270.00	2023-02-21		f	14	CAD	18	1
1772	Subway 24494      _F	8.50	2023-02-21	subway	f	8	CAD	18	1
1773	5511 MCGILL RED   _F	3.90	2023-02-21		f	16	CAD	18	1
1774	MCDONALD'S #405   _F	13.64	2023-02-22		f	8	CAD	18	1
1775	SEND E-TFR ***sbk	678.00	2023-02-23		f	14	CAD	18	1
1776	NAUTILUS PLUS -   _V	22.98	2023-02-24		f	19	CAD	18	1
1777	METRO ETS  2416   _F	20.62	2023-02-24		f	12	CAD	18	1
1778	HYDRO-QUEBEC     BPY	40.87	2023-02-24		f	23	CAD	18	1
1779	METRO ETS  2416   _F	23.67	2023-02-27		f	12	CAD	18	1
1780	METRO ETS  2416   _F	11.71	2023-02-28		f	12	CAD	18	1
1781	UBER CANADA       _V	32.78	2023-03-01		f	21	CAD	18	1
1782	COMMUNAUTO        _V	1.00	2023-03-01		f	21	CAD	18	1
1783	Spotify      11.49_V	11.49	2023-03-03		f	20	CAD	18	1
1784	DELI PLANET	40.00	2023-03-03	comedy show	f	7	CAD	18	1
1785	DELI PLANET	25.13	2023-03-06	comedy show	f	8	CAD	18	1
1786	SEND E-TFR ***tN5	194.00	2023-03-06		f	14	CAD	18	1
1787	METRO ETS  2416   _F	9.28	2023-03-06		f	12	CAD	18	1
1788	UBER CANADA       _V	20.66	2023-03-06		f	21	CAD	18	1
1789	METRO ETS  2416   _F	22.26	2023-03-07		f	12	CAD	18	1
1790	AMZN Mktp CA      _V	40.23	2023-03-08		f	4	CAD	18	1
1791	COMPTOIR DU CHE   _F	14.71	2023-03-09		f	8	CAD	18	1
1792	COUCHE-TARD #13   _F	4.59	2023-03-09		f	5	CAD	18	1
1793	UBER CANADA       _V	27.50	2023-03-10		f	21	CAD	18	1
1794	NAUTILUS PLUS -   _V	22.98	2023-03-10		f	19	CAD	18	1
1795	SEND E-TFR ***pfR	400.00	2023-03-13		f	14	CAD	18	1
1796	UBER* PENDING     _V	12.01	2023-03-13		f	21	CAD	18	1
1797	UBER CANADA       _V	23.33	2023-03-13		f	21	CAD	18	1
1798	UBER* PENDING     _V	0.91	2023-03-13		f	21	CAD	18	1
1799	METRO ETS  2416   _F	84.14	2023-03-13		f	12	CAD	18	1
1800	SEND E-TFR ***8ku	50.00	2023-03-13	e-trasnfer	f	16	CAD	18	1
1801	SKI MONT SAINT-   _V	174.76	2023-03-13	ski	f	19	CAD	18	1
1802	PHARMAPRIX #193   _F	10.39	2023-03-13		f	18	CAD	18	1
1803	VIRGIN PLUS      BPY	57.48	2023-03-13		f	23	CAD	18	1
1804	FIDO MOBILE      BPY	40.77	2023-03-13		f	23	CAD	18	1
1805	METRO ETS  2416   _F	6.89	2023-03-14		f	12	CAD	18	1
1806	NSF PAID FEE	5.00	2023-03-14		f	16	CAD	18	1
1807	SEND E-TFR ***6jR	25.00	2023-03-14		f	14	CAD	18	1
1808	UBER* EATS PEND   _V	32.64	2023-03-14		f	10	CAD	18	1
1809	DANA-NRH PREMIE   _F	3.09	2023-03-16		f	16	CAD	18	1
1810	METRO ETS  2416   _F	4.58	2023-03-16		f	12	CAD	18	1
1811	METRO ETS  2416   _F	26.64	2023-03-20		f	12	CAD	18	1
1812	JOE'S PANINI      _F	11.10	2023-03-20		f	8	CAD	18	1
1813	UBER* PENDING     _V	10.43	2023-03-20		f	21	CAD	18	1
1814	STEVE MADDEN (S	133.36	2023-03-20	steve madden	f	4	CAD	18	1
1815	PROVIGO LE MARC   _F	8.05	2023-03-20		f	12	CAD	18	1
1816	UBER CANADA       _V	9.26	2023-03-20		f	21	CAD	18	1
1817	SEND E-TFR ***Bzn	92.00	2023-03-20		f	14	CAD	18	1
1818	UBER* PENDING     _V	12.97	2023-03-20		f	21	CAD	18	1
1819	HOT DOG MOBILE	6.16	2023-03-21		f	8	CAD	18	1
1820	COMMUNAUTO        _V	149.63	2023-03-22	communauto	f	21	CAD	18	1
1821	COMPTOIR DU CHE   _F	14.96	2023-03-23		f	8	CAD	18	1
1822	DEJEUNETTE        _F	10.76	2023-03-23	breakfast	f	8	CAD	18	1
1823	NON-TD ATM W/D	228.00	2023-03-23		f	16	CAD	18	1
1824	UBER* PENDING     _V	12.77	2023-03-23		f	21	CAD	18	1
1825	NAUTILUS PLUS -   _V	22.98	2023-03-24		f	19	CAD	18	1
1826	METRO ETS  2416   _F	6.78	2023-03-24		f	12	CAD	18	1
1827	EVENTBRITE/LATE   _V	16.93	2023-03-27	late	f	8	CAD	18	1
1828	DELI PLANET       _F	15.18	2023-03-27	deli	f	8	CAD	18	1
1829	LULU EPICERIE	45.62	2023-03-27	lulu	f	17	CAD	18	1
1830	UBER CANADA       _V	38.19	2023-03-27		f	21	CAD	18	1
1831	UBER CANADA       _V	25.28	2023-03-27	Reimbursement uber	f	21	CAD	18	1
1832	UBER* EATS PEND   _V	19.86	2023-03-27		f	10	CAD	18	1
1833	UBER CANADA       _V	8.48	2023-03-27		f	21	CAD	18	1
1834	HYDRO-QUEBEC     BPY	21.57	2023-03-28		f	23	CAD	18	1
1835	UBER* EATS PEND   _V	19.54	2023-03-29		f	10	CAD	18	1
1836	COMPTOIR DU CHE   _F	15.74	2023-03-30		f	8	CAD	18	1
1837	PROVIGO LE MARC   _F	22.31	2023-03-30		f	12	CAD	18	1
1838	OVERDRAFT INTEREST	0.03	2023-03-31		f	16	CAD	18	1
1839	OTHER BANK FEES	2.00	2023-03-31		f	9	CAD	18	1
1840	KETTLEMANS BAGE   _F	33.87	2023-04-03	kettlmans	f	8	CAD	18	1
1841	SEND E-TFR ***4y7	1300.00	2023-04-03		f	14	CAD	18	1
1842	KETTLEMANS BAGE   _F	25.27	2023-04-03		f	8	CAD	18	1
1843	Spotify      11.49_V	11.49	2023-04-03		f	20	CAD	18	1
1844	COUCHETARD #568   _F	15.20	2023-04-10		f	5	CAD	18	1
1845	PROVIGO LE MARC   _F	44.27	2023-04-10		f	12	CAD	18	1
1846	UBER CANADA       _V	26.30	2023-04-10		f	21	CAD	18	1
1847	SOLIT CAFE        _F	20.80	2023-04-10	cafe	f	8	CAD	18	1
1848	HOT DOG MOBILE	6.16	2023-04-10	mcgill hot dog	f	8	CAD	18	1
1849	UBER CANADA       _V	36.98	2023-04-10		f	21	CAD	18	1
1850	VIRGIN PLUS      BPY	57.49	2023-04-10		f	23	CAD	18	1
1851	FIDO MOBILE      BPY	43.07	2023-04-10		f	23	CAD	18	1
1852	AMIR              _F	19.61	2023-04-12		f	8	CAD	18	1
1853	METRO ETS  2416   _F	11.48	2023-04-12		f	12	CAD	18	1
1854	UBER* EATS PEND   _V	28.76	2023-04-13		f	10	CAD	18	1
1855	UBER CANADA       _V	23.71	2023-04-17		f	21	CAD	18	1
1856	PROVIGO LE MARC   _F	17.74	2023-04-17		f	12	CAD	18	1
1857	COUCHETARD #749   _F	8.37	2023-04-17		f	5	CAD	18	1
1858	IN *HASKOUR ACC   _V	80.48	2023-04-18	tax	f	9	CAD	18	1
1859	THEBAY.COM #196   _V	215.58	2023-04-19	la baie	f	4	CAD	18	1
1860	METRO ETS  2416   _F	10.99	2023-04-19		f	12	CAD	18	1
1861	UBER* EATS PEND   _V	28.89	2023-04-20		f	10	CAD	18	1
1862	COMMUNAUTO        _V	57.28	2023-04-21		f	21	CAD	18	1
1863	JOES PANINI	11.10	2023-04-24	joes panini	f	8	CAD	18	1
1864	PROVIGO LE MARC   _F	18.37	2023-04-24		f	12	CAD	18	1
1865	PIZZA DANY        _F	5.28	2023-04-24	danny pizza	f	8	CAD	18	1
1866	SEND E-TFR ***3vQ	10.00	2023-04-24	e-trasnfer	f	16	CAD	18	1
1867	UBER* EATS PEND   _V	17.43	2023-04-25		f	10	CAD	18	1
1868	UBER CANADA       _V	38.73	2023-04-25		f	21	CAD	18	1
1869	PROVIGO LE MARC   _F	33.19	2023-04-26		f	12	CAD	18	1
1870	METRO ETS  2416   _F	32.72	2023-04-27		f	12	CAD	18	1
1871	SQ *ENGINEERING   _F	16.00	2023-04-28		f	16	CAD	18	1
1873	SHO-DAN	183.79	2023-05-01	shodan	f	17	CAD	18	1
1874	SEND E-TFR ***gpv	1300.00	2023-05-02		f	14	CAD	18	1
1875	ESCONDITE         _F	52.73	2023-05-03	escondite	f	17	CAD	18	1
1876	METRO ETS  2416   _F	18.23	2023-05-03		f	12	CAD	18	1
1877	Spotify      11.49_V	11.49	2023-05-03		f	20	CAD	18	1
1878	MCGILL UNV   J6K3J3	0.56	2023-05-04		f	16	CAD	18	1
1879	METRO ETS  2416   _F	30.09	2023-05-04		f	12	CAD	18	1
1880	GASPARD           _V	45.00	2023-05-08	gaspard	f	17	CAD	18	1
1881	BURGER KING # 2   _V	8.97	2023-05-08	burger king	f	8	CAD	18	1
1882	METRO ETS  2416   _F	12.99	2023-05-08		f	12	CAD	18	1
1883	UBER CANADA       _V	40.98	2023-05-08		f	21	CAD	18	1
1884	METRO ETS  2416   _F	39.67	2023-05-08		f	12	CAD	18	1
1885	GARAGE BEIRUT     _F	82.77	2023-05-08	GARAGE BEIRUT	f	17	CAD	18	1
1886	METRO ETS  2416   _F	6.43	2023-05-08		f	12	CAD	18	1
1887	METRO ETS  2416   _F	3.54	2023-05-09		f	12	CAD	18	1
1888	FIDO MOBILE      BPY	43.07	2023-05-10		f	23	CAD	18	1
1889	WIENSTEIN & GAV	33.52	2023-05-11	w and g	f	17	CAD	18	1
1890	METRO ETS  2416   _F	17.77	2023-05-11		f	12	CAD	18	1
1891	VIRGIN PLUS      BPY	57.49	2023-05-11		f	23	CAD	18	1
1892	METRO ETS  2416   _F	18.54	2023-05-12		f	12	CAD	18	1
1893	METRO ETS  2416	71.88	2023-05-12		f	12	CAD	18	1
1894	UBER CANADA       _V	12.06	2023-05-15		f	21	CAD	18	1
1895	SOUBOIS	29.88	2023-05-15	soubois	f	7	CAD	18	1
1896	AMIR              _F	12.86	2023-05-15	amir	f	8	CAD	18	1
1897	CANCEL E-TFR FEE	5.00	2023-05-15	cancel e transfer	f	9	CAD	18	1
1898	SEND E-TFR ***trp	70.00	2023-05-15		f	14	CAD	18	1
1899	METRO ETS  2416   _F	2.86	2023-05-15		f	12	CAD	18	1
1900	METRO ETS  2416   _F	11.78	2023-05-16		f	12	CAD	18	1
1901	SEND E-TFR ***6GM	12.00	2023-05-16		f	14	CAD	18	1
1902	NON-TD ATM W/D	62.50	2023-05-17	atm	f	16	CAD	18	1
1903	METRO ETS  2416   _F	12.99	2023-05-17		f	12	CAD	18	1
1904	Amazon.ca Prime   _V	113.83	2023-05-17		f	4	CAD	18	1
1905	COUCHETARD #217   _F	12.51	2023-05-18	couchetard	f	5	CAD	18	1
1906	METRO ETS  2416   _F	14.25	2023-05-18		f	12	CAD	18	1
1907	SEND E-TFR ***Uvv	120.00	2023-05-19	e-transfer	f	16	CAD	18	1
1908	UBER CANADA       _V	1.02	2023-05-19		f	21	CAD	18	1
1909	MCDONALD'S #405   _F	10.19	2023-05-23		f	8	CAD	18	1
1910	DECATHLON MONTR   _F	14.95	2023-05-23		f	19	CAD	18	1
1911	DOMINOS PIZZA    _F	31.40	2023-05-23	dominos pizza	f	8	CAD	18	1
1912	METRO ETS  2416   _F	16.24	2023-05-23		f	12	CAD	18	1
1913	UBER CANADA       _V	23.32	2023-05-23		f	21	CAD	18	1
1914	COLLEGE TR    8.50_V	11.89	2023-05-23		f	16	CAD	18	1
1915	PROVIGO LE MARC   _F	17.73	2023-05-24		f	12	CAD	18	1
1916	PROVIGO LE MARC   _F	91.05	2023-05-24		f	12	CAD	18	1
1917	RESTAURANT SABR	87.26	2023-05-26	sabr resto	f	17	CAD	18	1
1918	METRO ETS  2416   _F	16.33	2023-05-26		f	12	CAD	18	1
1919	PROVIGO LE MARC   _F	23.16	2023-05-26		f	12	CAD	18	1
1920	PHARMAPRIX #193   _F	34.46	2023-05-26	pharmacy	f	18	CAD	18	1
1921	RESTAURANT SHAY   _F	145.16	2023-05-29	shay restaurant	f	17	CAD	18	1
1922	CHOCOLATS FAVOR	15.16	2023-05-29		f	16	CAD	18	1
1923	IMMIGRATION CAN   _V	255.00	2023-05-30	ircc pgwp	f	9	CAD	18	1
1924	OTHER BANK FEES	2.00	2023-05-31	bank fee	f	9	CAD	18	1
1925		1300.00	2023-06-01	Rent	f	14	CAD	18	1
1926	UBER CANADA       _V	13.54	2023-06-01		f	21	CAD	18	1
1927	UBER CANADA       _V	24.88	2023-06-02		f	21	CAD	18	1
1928	VIRGIN PLUS       _V	120.11	2023-06-02		f	23	CAD	18	1
1929	SEND E-TFR ***uNm	104.00	2023-06-02		f	14	CAD	18	1
1930	Spotify      11.49_V	11.49	2023-06-05		f	20	CAD	18	1
1931	AIR-SERV A PS60   _F	2.00	2023-06-05		f	16	CAD	18	1
1932	UBER CANADA       _V	11.16	2023-06-05		f	21	CAD	18	1
1933	UBER CANADA       _V	10.08	2023-06-05		f	21	CAD	18	1
1934	PROVIGO LE MARC   _F	62.60	2023-06-05		f	12	CAD	18	1
1935	UBER CANADA       _V	13.18	2023-06-05		f	21	CAD	18	1
1936	UBER CANADA       _V	10.69	2023-06-05		f	21	CAD	18	1
1937	UBER* PENDING     _V	10.79	2023-06-05		f	21	CAD	18	1
1938	METRO ETS  2416   _F	26.11	2023-06-07		f	12	CAD	18	1
1939	METRO ETS  2416   _F	1.99	2023-06-09		f	12	CAD	18	1
1940	FIDO MOBILE      BPY	40.60	2023-06-09		f	23	CAD	18	1
1941	CHUNGCHUN KOGO    _F	16.45	2023-06-12	chungchun	f	8	CAD	18	1
1942	UBER CANADA       _V	12.25	2023-06-12		f	21	CAD	18	1
1943	UBER CANADA       _V	23.36	2023-06-12		f	21	CAD	18	1
1944	SEND E-TFR ***u8C	130.00	2023-06-12	e-trasnfer	f	16	CAD	18	1
1945	SEND E-TFR ***xdq	35.00	2023-06-12		f	14	CAD	18	1
1946	UBER CANADA/UBE   _V	74.04	2023-06-12		f	21	CAD	18	1
1947	UBER* TRIP        _V	13.01	2023-06-12	uber	f	21	CAD	18	1
1948	NBX*ENSO YOGA I   _V	34.49	2023-06-12	enso yoga	f	18	CAD	18	1
1949	VIRGIN PLUS      BPY	57.49	2023-06-12		f	23	CAD	18	1
1950	STARBUCKS COFFE   _F	6.03	2023-06-13	starbucks	f	8	CAD	18	1
1951	COLLEGE TR    8.90_V	12.33	2023-06-13		f	16	CAD	18	1
1952	METRO ETS  2416   _F	26.73	2023-06-13		f	12	CAD	18	1
1953	CAMPO             _F	41.97	2023-06-13	campo	f	8	CAD	18	1
1954	DECATHLON MONTR   _F	29.89	2023-06-14	decathlon bike	f	19	CAD	18	1
1955	ZARA MONTREAL #	255.27	2023-06-16	zara	f	4	CAD	18	1
1956	GRIFF IN Self Care	41.00	2023-06-19	barber	f	18	CAD	18	1
1957	STM LUCIEN L AL	13.00	2023-06-19	stm metro	f	21	CAD	18	1
1958	AUBERGE SAINT-G   _F	21.19	2023-06-19		f	16	CAD	18	1
1959	UBER CANADA       _V	1.15	2023-06-19		f	21	CAD	18	1
1960	UBER CANADA/UBE   _V	10.63	2023-06-19		f	21	CAD	18	1
1961	SPA DIVA          _F	11.49	2023-06-19	spa diva	f	18	CAD	18	1
1962	JJ PLACE MONTRE	112.68	2023-06-19	jack and jones	f	4	CAD	18	1
1963	PROVIGO LE MARC   _F	65.01	2023-06-21		f	12	CAD	18	1
1964	METRO ETS  2416   _F	10.78	2023-06-22		f	12	CAD	18	1
1965	TERRASSE CARLA    _F	21.71	2023-06-22	terrasse carla	f	7	CAD	18	1
1966	UBER CANADA       _V	13.64	2023-06-23		f	21	CAD	18	1
1967	METRO ETS  2416	13.98	2023-06-23		f	12	CAD	18	1
1968	UBER CANADA       _V	20.98	2023-06-23		f	21	CAD	18	1
1969	METRO ETS  2416   _F	7.58	2023-06-26		f	12	CAD	18	1
1970	STM BONAVENTURE	13.00	2023-06-26	stm metro	f	21	CAD	18	1
1971	SQ *PIKNIC ELEC   _F	14.95	2023-06-26	piknic electronic	f	7	CAD	18	1
1972	MCDONALDS #405   _F	26.17	2023-06-26	mcdonalds	f	8	CAD	18	1
1973	SEND E-TFR ***aYy	65.00	2023-06-26	e-trasnfer	f	16	CAD	18	1
1974	BOBTECH ELECTRO	172.46	2023-06-27	fridge repair	f	14	CAD	18	1
1975	METRO ETS  2416   _F	10.99	2023-06-29		f	12	CAD	18	1
1976	METRO ETS  2416   _F	10.10	2023-06-30		f	12	CAD	18	1
1977	HYDRO-QUEBEC     BPY	240.40	2023-06-30	hydro quebec	f	23	CAD	18	1
1978		10.00	2023-11-05	Brunch	f	7	CAD	18	1
1979		500.00	2023-11-10	Money for nido in mtl	f	11	CAD	18	1
1980	MR PUFFS VIEUX _F	11.45	2023-11-10	mr puffs	f	8	CAD	18	1
1981	VIRGIN PLUS BPY	57.50	2023-11-10	VIRGIN PLUS wifi	f	23	CAD	18	1
1982	MONOPOLE _F	42.30	2023-11-11	monopole winebar	f	7	CAD	18	1
1983	metro ets 2416 _F	11.23	2023-11-12	metro	f	12	CAD	18	1
1984	SIAM CENTRE-VIL	160.00	2023-11-12	siam	f	17	CAD	18	1
1985		26.00	2023-11-14	H&M	f	11	CAD	18	1
1986	PIZZA LA NEW-YO _F	13.80	2023-11-15	pizza	f	8	CAD	18	1
1987	CAFE ABU EL ZUL _F	58.20	2023-11-15	cafe abu el zolf	f	17	CAD	18	1
1988	MONOPOLE _F	25.13	2023-11-16	monopole	f	7	CAD	18	1
1989		31.00	2023-11-17	3 amigos	f	7	CAD	18	1
1990	RESTAURANT FISS _F	102.00	2023-11-18	sushi	f	17	CAD	18	1
1991	EPLV - BOUTIQUE _F	14.00	2023-11-18	botanical garden boutique	f	17	CAD	18	1
1992	STM LUCIEN L AL	14.00	2023-11-18	metro	f	21	CAD	18	1
1993	LULU EPICERIE _F	20.00	2023-11-20	lulu	f	17	CAD	18	1
1994	LULU EPICERIE _F	6.50	2023-11-20	lulu	f	17	CAD	18	1
1995	METRO ETS 2416 _F	30.00	2023-11-20	metro	f	12	CAD	18	1
1996	CAFE ABU EL ZUL _F	37.00	2023-11-20	cafe abu l zolof	f	17	CAD	18	1
1997	METRO ETS 2416 _F	7.78	2023-11-22	metro	f	12	CAD	18	1
1998	CHAUSSURES BROW	170.00	2023-11-22	BROWN shoes	f	4	CAD	18	1
1999	UBER CANADA/UBE _V	41.00	2023-11-23	uber eats	f	10	CAD	18	1
2000	HYDRO-QUEBEC BPY	84.30	2023-11-23	hydro quebec	f	23	CAD	18	1
2001	Uniqlo Canada P   _F	34.38	2023-11-24	Uniqlo	f	4	CAD	18	1
2002	Patisserie Mahr   _F	22.89	2023-11-24	Mahrousse	f	17	CAD	18	1
2003	STM LUCIEN L AL	7.00	2023-11-24	Stm metro	f	21	CAD	18	1
2004	PETRO CANADA135   _F	45.98	2023-11-24	Wine for pre	f	21	CAD	18	1
2005	METRO ETS  2416   _F	48.86	2023-11-27	Metro groceries	f	12	CAD	18	1
2006	TD ATM W/D    005965	40.00	2023-11-27	Notre barbier	f	18	CAD	18	1
2007	ESCONDITE VIEUX	137.31	2023-11-27	Escondite	f	17	CAD	18	1
2008	CICCIO            _F	3.97	2023-11-27	Ciccio cafe	f	17	CAD	18	1
2009	AIR FRANCE   62.00_V	88.01	2023-11-27	Air France baggage	f	11	CAD	18	1
2010	RESTAURANT BOUS   _F	11.22	2023-11-27	Boston	f	8	CAD	18	1
2011	MASSAGE EXPERTS   _F	118.99	2023-11-29	Massage	f	18	CAD	18	1
2012	BRASSERIE SOEUR   _F	25.79	2023-11-30	Bar	f	7	CAD	18	1
2013	METRO ETS  2416   _F	29.06	2023-12-01		f	12	CAD	18	1
2014	SIMLY         3.50_V	4.94	2023-12-01	simly	f	16	CAD	18	1
2015	PHARMACIE BABIN   _F	16.64	2023-12-01	medicine	f	18	CAD	18	1
2016	MAKAN SAJ         _F	10.81	2023-12-01	makan	f	8	CAD	18	1
2017	MAKAN SAJ         _F	4.74	2023-12-04	makan	f	8	CAD	18	1
2018	UBER CANADA/UBE   _V	21.11	2023-12-04		f	21	CAD	18	1
2019	STM SQUARE VICT	3.75	2023-12-04	stm metro	f	21	CAD	18	1
2020	NAZAR DONER KEB   _F	16.63	2023-12-04	kebab	f	8	CAD	18	1
2021	RESTAURANT LA F   _F	50.24	2023-12-04	bar la florida	f	7	CAD	18	1
2022	CANADA COLLEGE    _V	205.00	2023-12-04	french exam	f	9	CAD	18	1
2023	Spotify      12.64_V	12.64	2023-12-04		f	20	CAD	18	1
2024	SEND E-TFR ***37F	11.00	2023-12-04		f	16	CAD	18	1
2025	IGA 8093          _F	4.59	2023-12-05	pizza iga	f	8	CAD	18	1
2026	NEVSKI            _F	40.99	2023-12-06	bar	f	7	CAD	18	1
2027	ADONIS 21945 GR   _F	9.09	2023-12-07	potluck	f	8	CAD	18	1
2029	OBERSON	172.41	2023-12-08	Ski equipment	f	19	CAD	18	1
2030	WINNERS 340	45.97	2023-12-08	Ski equipment	f	19	CAD	18	1
2031	DECATHLON MONTR   _F	118.42	2023-12-08		f	19	CAD	18	1
2033	DOMAINE DU SKI _F	63.00	2023-12-09	Ski saint bruno	f	19	CAD	18	1
2034	MCDONALD'S #405 _F	10.00	2023-12-09	MCDONALD'S	f	8	CAD	18	1
2035	COMMUNAUTO        _V	17.00	2023-12-08	communauto for ski quipment	f	21	CAD	18	1
2036	COMMUNAUTO        _V	24.00	2023-12-09	communauto for ski trip	f	21	CAD	18	1
2037	KINTON RAMEN _F	55.40	2023-12-09	kinton ramen	f	17	CAD	18	1
2038		1300.00	2023-12-10	Rent	f	14	CAD	18	1
2039	VIRGIN PLUS BPY	57.50	2023-12-11	Virgin Wifi	f	23	CAD	18	1
2040	EUREST-43224      _F	3.93	2023-12-12	Cafeteria MS	f	8	CAD	18	1
2041	STM LOGE SQVICT   _F	7.00	2023-12-12	stm metro	f	21	CAD	18	1
2042	FENETRE SUR KAB   _F	53.88	2023-12-13	fenetre sur kaboul	f	17	CAD	18	1
2043	EUREST-43224      _F	13.63	2023-12-13		f	8	CAD	18	1
2044	EUREST-43224      _F	3.02	2023-12-13		f	8	CAD	18	1
2045	NEVSKI            _F	11.90	2023-12-13		f	7	CAD	18	1
2046	UBER CANADA/UBE   _V	11.49	2023-12-14		f	21	CAD	18	1
2047	SQ *LA LUTINERI	26.44	2023-12-14	Christmas Market coffee	f	7	CAD	18	1
2048	C.S. LONGUEUIL    _F	12.40	2023-12-15	Driving Test	f	9	CAD	18	1
2049	DISTRICT 5 SOCC	25.00	2023-12-15		f	19	CAD	18	1
2050	O FOUR            _F	16.54	2023-12-15	ofour	f	17	CAD	18	1
2051	MCDONALD'S #405 _F	9.40	2023-12-16	MCDONALD	f	8	CAD	18	1
2052	STM LUCIEN L AL	7.00	2023-12-16	stm metro	f	21	CAD	18	1
2053	WINNERS 340 _F	51.70	2023-12-16	WINNERS	f	11	CAD	18	1
2054	INDIGO 282 _F	30.00	2023-12-16	INDIGO	f	11	CAD	18	1
2055	GYUBEE JAPONAIS	120.00	2023-12-16	GYUBEE JAPONAIS	f	17	CAD	18	1
2056		10.00	2023-12-13	saq wine	f	7	CAD	18	1
2062	IGA 8093          _F	17.50	2023-12-19	groceries	f	12	CAD	19	1
2067	ADONIS 21945 GR   _F	17.85	2023-12-20		f	12	CAD	19	1
2071	UBER CANADA/UBE _V	22.00	2023-12-23	Uber Eats	f	10	CAD	\N	1
2070	METRO ETS 2416 _F	56.17	2023-12-24		f	12	CAD	\N	1
2072	MARCHE STANLEY _F	13.00	2023-12-23	Deppaneur cigs	f	5	CAD	\N	1
2073	HYDRO-QUEBEC BPY	85.00	2023-11-20	electricity	f	23	CAD	\N	1
2068	HYDRO-QUEBEC     BPY	85.00	2023-12-20		f	23	CAD	19	1
2032	VIRGIN PLUS      BPY	46.52	2023-12-08	phone	f	23	CAD	18	1
2086	METRO ETS 2416 _F	46.50	2023-12-27	Groceries	f	12	CAD	\N	1
2087		16.00	2023-12-27	cinema	f	7	CAD	\N	1
2088	UBER CANADA/UBE _V	12.00	2023-12-29	uber	f	21	CAD	\N	1
2089	CAFE SAINTLAURE _F	10.30	2023-12-29		f	7	CAD	\N	1
2092	DEPANNEUR LE KA _F	18.30	2023-12-30	le kahera	f	17	CAD	\N	1
2090	PATATI PATATA _F	6.60	2023-12-29	burger	f	8	CAD	\N	1
2091	SQ *3 MINOTS _F	9.00	2023-12-29	beer	f	7	CAD	\N	1
2093	CAFE ABU EL ZUL _F	15.00	2023-12-30	cafe	f	17	CAD	\N	1
2094	MORGAN STANLEY PAY	1976.00	2023-12-29	Salary	f	1	CAD	\N	1
2095		1300.00	2024-01-02	Rent	f	14	CAD	\N	1
2096	Spotify 12.64_V	12.64	2024-01-02	spotify	f	20	CAD	\N	1
2097	LS Tejano BBQ B _F	20.00	2024-01-03	tejano	f	8	CAD	\N	1
2098		9.00	2024-01-03	shawarma from metro	f	8	CAD	\N	1
2100	GST GST	124.00	2024-01-06	Tax	f	2	CAD	\N	1
2101	GIBBYS VIEUX MO _F	66.00	2024-01-05	gibbys	f	17	CAD	\N	1
2102	CP - HA MCGILL _F	38.00	2024-01-05	bar nihao	f	7	CAD	\N	1
2103	UBER* TRIP _V	7.30	2024-01-05	uber	f	21	CAD	\N	1
2099	UBER CANADA/UBE _V	16.60	2024-01-04	uber eats	f	10	CAD	\N	1
2121	UBER CANADA       _V	11.25	2024-01-12		t	3	CAD	21	1
2117	BRUTOPIA          _F	21.09	2024-01-10	bar food	f	17	CAD	21	1
2111	PlayStatio    3.79_V	3.79	2024-01-10		f	7	CAD	21	1
2120	BAM*APEX MARTIA   _V	67.84	2024-01-11	muay thai	f	19	CAD	21	1
2065	UBER CANADA/UBE   _V	20.95	2023-12-20		t	21	CAD	19	1
2061	UBER CANADA/UBE   _V	19.18	2023-12-18		t	21	CAD	19	1
2116	NEVSKI	18.15	2024-01-10		t	7	CAD	21	1
2110	CS *CASHSTAR GF   _V	10.00	2024-01-10	ps plus	f	7	CAD	21	1
2069	COMMUNAUTO        _V	26.92	2023-12-21	Nido to Airport	f	21	CAD	19	1
2134	SQ *ECORECREO     _F	45.02	2024-01-18	ice skating	f	7	CAD	21	1
2154	BAM*APEX MARTIA _V	28.70	2024-01-31	mouth guard	f	19	CAD	\N	1
2156	STM LOGE LUCIEN _F	3.75	2024-01-31	metro	f	21	CAD	\N	1
2157	STM EDOUARD MON	3.75	2024-01-31	metro	f	21	CAD	\N	1
2158	MCDONALD'S #405 _F	10.00	2024-01-31		f	8	CAD	\N	1
2159	Concordia BPY	3241.63	2024-01-31	Tuition for loulou	f	11	CAD	\N	1
2162	E-TRANSFER ***3Ef	11.00	2024-02-01		t	3	CAD	23	1
2128	Bromont Montagn   _F	14.38	2024-01-15	Food bromont	f	17	CAD	21	1
2123	MORGAN STANLEY   PAY	2021.16	2024-01-15		t	1	CAD	21	1
2129	Bromont Montagn   _F	14.66	2024-01-15		t	17	CAD	21	1
2133	SQ *ECORECREO     _F	36.01	2024-01-16		t	7	CAD	21	1
2132	EUREST-43224      _F	2.27	2024-01-16		t	8	CAD	21	1
2130	UBER CANADA/UBE   _V	11.49	2024-01-15		t	21	CAD	21	1
2126	PROVIGO LE MARC   _F	26.78	2024-01-15		t	12	CAD	21	1
2125	UBER CANADA/UBE   _V	16.35	2024-01-15		t	21	CAD	21	1
2124	UBER CANADA/UBE   _V	24.80	2024-01-15		t	21	CAD	21	1
2122	STM LUCIEN L AL	14.00	2024-01-12		t	21	CAD	21	1
2118	VIRGIN PLUS      BPY	57.49	2024-01-10		t	23	CAD	21	1
2115	EUREST-43224      _F	4.12	2024-01-10		t	8	CAD	21	1
2108	VIRGIN PLUS      BPY	46.52	2024-01-08		t	23	CAD	21	1
2107	METRO ETS  2416   _F	49.28	2024-01-08		t	12	CAD	21	1
2106	UBER* TRIP        _V	7.32	2024-01-08		t	21	CAD	21	1
2113	UBER CANADA/UBE   _V	23.66	2024-01-10		f	12	CAD	21	1
2135	METRO ETS 2416 _F	55.00	2024-01-20	metro groceries	f	12	CAD	\N	1
2136	CP - HA MCGILL _F	43.00	2024-01-19	nhao bar	f	7	CAD	\N	1
2137	DOUBLETREE BY H	126.00	2024-01-19	bivouac	f	17	CAD	\N	1
2138		30.00	2024-01-20	uber	f	21	CAD	\N	1
2139	DISPENSA EPICER _F	17.50	2024-01-22		f	8	CAD	\N	1
2140	DISPENSA EPICER _F	12.50	2024-01-23		f	8	CAD	\N	1
2142	BAM*APEX MARTIA _V	68.00	2024-01-25	MMA	f	19	CAD	\N	1
2143	CAFE MADHATTER _F	10.00	2024-01-25	madhatterz	f	7	CAD	\N	1
2144	COMMUNAUTO        _V	20.00	2023-12-15	Communauto to Football And Driving Test	f	21	CAD	\N	1
2145		20.00	2024-01-25	E-transfer for ski to Bromont Jan 15	f	21	CAD	\N	1
2146	COMMUNAUTO        _V	30.00	2024-01-15	cancelled communauto	f	21	CAD	\N	1
2147	ROCKABERRY GRIF _F	40.00	2024-01-26	Cake for sultan	f	11	CAD	\N	1
2148	PIZZA PIZZA # 3 _F	26.00	2024-01-26		f	10	CAD	\N	1
2149		75.00	2024-01-26	Still life	f	7	CAD	\N	1
2150	PADELSPORT - MT _F	31.60	2024-01-29		f	19	CAD	\N	1
2151	SHAWARMAZ PEEL _F	9.76	2024-01-29		f	8	CAD	\N	1
2153	MORGAN STANLEY PAY	2236.00	2024-01-31		f	1	CAD	\N	1
2152	ADONIS 21945 GR _F	11.00	2024-01-30	food => 33/3	f	12	CAD	\N	1
2155	DEPANNEUR NOORI _F	10.00	2024-01-31		f	5	CAD	\N	1
2188	VIRGIN PLUS      BPY	57.49	2024-02-12		t	23	CAD	23	1
2187	PROVIGO LE MARC   _F	8.05	2024-02-12		t	12	CAD	23	1
2186	METRO ETS  2416   _F	54.40	2024-02-12		t	12	CAD	23	1
2185	PlayStatio   13.79_V	13.79	2024-02-12		t	7	CAD	23	1
2179	BAM*APEX MARTIA   _V	67.84	2024-02-08		t	19	CAD	23	1
2178	VIRGIN PLUS      BPY	46.59	2024-02-07		t	23	CAD	23	1
2177	UBER CANADA/UBE   _V	9.33	2024-02-07		t	21	CAD	23	1
2176	CANTEEN CANADA    _F	3.74	2024-02-07		t	8	CAD	23	1
2173	PROVIGO LE MARC   _F	5.75	2024-02-05		t	12	CAD	23	1
2170	Spotify      12.64_V	12.64	2024-02-05		t	20	CAD	23	1
2169	SEND E-TFR ***mfw	15.00	2024-02-05		t	14	CAD	23	1
2168	GYUBEE JAPONAIS   _F	120.30	2024-02-05		t	17	CAD	23	1
2165	PADELSPORT - MT   _F	31.62	2024-02-02		t	19	CAD	23	1
2163	PROVIGO LE MARC   _F	53.10	2024-02-01		t	12	CAD	23	1
2184	SEND E-TFR ***BYX	17.00	2024-02-09	Monopole to thomas	f	7	CAD	23	1
2182	UBER CANADA/UBE   _V	19.89	2024-02-08		f	10	CAD	23	1
2180	HEROKU* JA    6.00_V	8.38	2024-02-08	heorku bud man	f	9	CAD	23	1
2174	AMZN Mktp CA      _V	24.22	2024-02-06	Protein shake	f	12	CAD	23	1
2175	PIZZERIA NO.900   _F	64.90	2024-02-06		f	17	CAD	23	1
2167	SEND E-TFR ***V5P	1300.00	2024-02-02	Rent	f	14	CAD	23	1
2172	GRILLADES POULE   _F	17.86	2024-02-05	Poulet rouge	f	8	CAD	23	1
2166	MORGAN STANLEY   PAY	898.69	2024-02-02	bonus	f	1	CAD	23	1
2161	MCDONALD'S #405   _F	10.08	2024-02-01		t	8	CAD	23	1
2160	STM EDOUARD MON	3.75	2024-02-01		t	21	CAD	23	1
2192	FONDATION SAINT   _V	25.00	2024-02-13		t	16	CAD	24	1
2195	MORGAN STANLEY   PAY	2127.55	2024-02-15		t	1	CAD	24	1
2200	E-TRANSFER ***XSf	40.00	2024-02-20		t	2	CAD	24	1
2201	METRO ETS  2416   _F	38.03	2024-02-20		t	12	CAD	24	1
2194	PROVIGO LE MARC   _F	36.08	2024-02-14		t	12	CAD	24	1
2191	AMZN Mktp CA      _V	12.95	2024-02-13		t	4	CAD	24	1
2190	SEND E-TFR ***3k5	26.00	2024-02-13		t	14	CAD	24	1
2189	PADELSPORT - MT   _F	5.75	2024-02-13		t	19	CAD	24	1
2199	CORP. SKI & GOL   _V	57.49	2024-02-20	Orford Ski	f	19	CAD	24	1
2196	RESTAURANT GRIN	204.94	2024-02-15	GRINDR Valentine	f	17	CAD	24	1
2193	FLEURISTE BOTAN   _F	28.74	2024-02-14	flowers valentin	f	11	CAD	24	1
2216	GYU-KAKU BBQ JA _F	65.84	2024-02-21		t	17	CAD	27	1
2215	STM LUCIEN L AL	7.00	2024-02-21		t	21	CAD	27	1
2214	BAM*APEX MARTIA _V	67.84	2024-02-22		t	19	CAD	27	1
2213	EUREST-43224 _F	12.87	2024-02-22		t	8	CAD	27	1
2212	HYDRO-QUEBEC BPY	334.64	2024-02-22		t	23	CAD	27	1
2211	METRO ETS 2416 _F	21.07	2024-02-23		t	12	CAD	27	1
2210	STM LUCIEN L AL	7.00	2024-02-23		t	21	CAD	27	1
2204	UBER* EATS _V	38.26	2024-02-24		t	10	CAD	27	1
2203	UBER CANADA/UBE _V	9.27	2024-02-25		t	21	CAD	27	1
2205		27.00	2024-02-25	Padel	f	19	CAD	27	1
2208	BILLIARD FATS _F	9.90	2024-02-23	bar	f	7	CAD	27	1
2207	OSMOW'S MONTREA _F	11.14	2024-02-23		f	8	CAD	27	1
2206		40.00	2024-02-24	Notre barbier	f	18	CAD	27	1
2209	C.S. HENRI-BOUR _F	12.80	2024-02-23	Driving test	f	9	CAD	27	1
2198	CORP. SKI & GOL   _F	4.00	2024-02-20	Orford Parking => 16 / 4	f	9	CAD	24	1
2197	TIM HORTONS #37   _F	10.00	2024-02-20	38 / 4	f	8	CAD	24	1
\.


--
-- Name: auth_group_id_seq; Type: SEQUENCE SET; Schema: public; Owner: -
--

SELECT pg_catalog.setval('public.auth_group_id_seq', 1, false);


--
-- Name: auth_group_permissions_id_seq; Type: SEQUENCE SET; Schema: public; Owner: -
--

SELECT pg_catalog.setval('public.auth_group_permissions_id_seq', 1, false);


--
-- Name: auth_permission_id_seq; Type: SEQUENCE SET; Schema: public; Owner: -
--

SELECT pg_catalog.setval('public.auth_permission_id_seq', 52, true);


--
-- Name: auth_user_groups_id_seq; Type: SEQUENCE SET; Schema: public; Owner: -
--

SELECT pg_catalog.setval('public.auth_user_groups_id_seq', 1, false);


--
-- Name: auth_user_id_seq; Type: SEQUENCE SET; Schema: public; Owner: -
--

SELECT pg_catalog.setval('public.auth_user_id_seq', 6, true);


--
-- Name: auth_user_user_permissions_id_seq; Type: SEQUENCE SET; Schema: public; Owner: -
--

SELECT pg_catalog.setval('public.auth_user_user_permissions_id_seq', 1, false);


--
-- Name: budget_budget_id_seq; Type: SEQUENCE SET; Schema: public; Owner: -
--

SELECT pg_catalog.setval('public.budget_budget_id_seq', 20, true);


--
-- Name: category_category_id_seq; Type: SEQUENCE SET; Schema: public; Owner: -
--

SELECT pg_catalog.setval('public.category_category_id_seq', 145, true);


--
-- Name: django_admin_log_id_seq; Type: SEQUENCE SET; Schema: public; Owner: -
--

SELECT pg_catalog.setval('public.django_admin_log_id_seq', 1, false);


--
-- Name: django_content_type_id_seq; Type: SEQUENCE SET; Schema: public; Owner: -
--

SELECT pg_catalog.setval('public.django_content_type_id_seq', 13, true);


--
-- Name: django_migrations_id_seq; Type: SEQUENCE SET; Schema: public; Owner: -
--

SELECT pg_catalog.setval('public.django_migrations_id_seq', 33, true);


--
-- Name: fileupload_fileupload_id_seq; Type: SEQUENCE SET; Schema: public; Owner: -
--

SELECT pg_catalog.setval('public.fileupload_fileupload_id_seq', 27, true);


--
-- Name: transaction_transaction_id_seq; Type: SEQUENCE SET; Schema: public; Owner: -
--

SELECT pg_catalog.setval('public.transaction_transaction_id_seq', 2216, true);


--
-- Name: auth_group auth_group_name_key; Type: CONSTRAINT; Schema: public; Owner: -
--

ALTER TABLE ONLY public.auth_group
    ADD CONSTRAINT auth_group_name_key UNIQUE (name);


--
-- Name: auth_group_permissions auth_group_permissions_group_id_permission_id_0cd325b0_uniq; Type: CONSTRAINT; Schema: public; Owner: -
--

ALTER TABLE ONLY public.auth_group_permissions
    ADD CONSTRAINT auth_group_permissions_group_id_permission_id_0cd325b0_uniq UNIQUE (group_id, permission_id);


--
-- Name: auth_group_permissions auth_group_permissions_pkey; Type: CONSTRAINT; Schema: public; Owner: -
--

ALTER TABLE ONLY public.auth_group_permissions
    ADD CONSTRAINT auth_group_permissions_pkey PRIMARY KEY (id);


--
-- Name: auth_group auth_group_pkey; Type: CONSTRAINT; Schema: public; Owner: -
--

ALTER TABLE ONLY public.auth_group
    ADD CONSTRAINT auth_group_pkey PRIMARY KEY (id);


--
-- Name: auth_permission auth_permission_content_type_id_codename_01ab375a_uniq; Type: CONSTRAINT; Schema: public; Owner: -
--

ALTER TABLE ONLY public.auth_permission
    ADD CONSTRAINT auth_permission_content_type_id_codename_01ab375a_uniq UNIQUE (content_type_id, codename);


--
-- Name: auth_permission auth_permission_pkey; Type: CONSTRAINT; Schema: public; Owner: -
--

ALTER TABLE ONLY public.auth_permission
    ADD CONSTRAINT auth_permission_pkey PRIMARY KEY (id);


--
-- Name: auth_user_groups auth_user_groups_pkey; Type: CONSTRAINT; Schema: public; Owner: -
--

ALTER TABLE ONLY public.auth_user_groups
    ADD CONSTRAINT auth_user_groups_pkey PRIMARY KEY (id);


--
-- Name: auth_user_groups auth_user_groups_user_id_group_id_94350c0c_uniq; Type: CONSTRAINT; Schema: public; Owner: -
--

ALTER TABLE ONLY public.auth_user_groups
    ADD CONSTRAINT auth_user_groups_user_id_group_id_94350c0c_uniq UNIQUE (user_id, group_id);


--
-- Name: auth_user auth_user_pkey; Type: CONSTRAINT; Schema: public; Owner: -
--

ALTER TABLE ONLY public.auth_user
    ADD CONSTRAINT auth_user_pkey PRIMARY KEY (id);


--
-- Name: auth_user_user_permissions auth_user_user_permissions_pkey; Type: CONSTRAINT; Schema: public; Owner: -
--

ALTER TABLE ONLY public.auth_user_user_permissions
    ADD CONSTRAINT auth_user_user_permissions_pkey PRIMARY KEY (id);


--
-- Name: auth_user_user_permissions auth_user_user_permissions_user_id_permission_id_14a6b632_uniq; Type: CONSTRAINT; Schema: public; Owner: -
--

ALTER TABLE ONLY public.auth_user_user_permissions
    ADD CONSTRAINT auth_user_user_permissions_user_id_permission_id_14a6b632_uniq UNIQUE (user_id, permission_id);


--
-- Name: auth_user auth_user_username_key; Type: CONSTRAINT; Schema: public; Owner: -
--

ALTER TABLE ONLY public.auth_user
    ADD CONSTRAINT auth_user_username_key UNIQUE (username);


--
-- Name: authtoken_token authtoken_token_pkey; Type: CONSTRAINT; Schema: public; Owner: -
--

ALTER TABLE ONLY public.authtoken_token
    ADD CONSTRAINT authtoken_token_pkey PRIMARY KEY (key);


--
-- Name: authtoken_token authtoken_token_user_id_key; Type: CONSTRAINT; Schema: public; Owner: -
--

ALTER TABLE ONLY public.authtoken_token
    ADD CONSTRAINT authtoken_token_user_id_key UNIQUE (user_id);


--
-- Name: budget_budget budget_budget_pkey; Type: CONSTRAINT; Schema: public; Owner: -
--

ALTER TABLE ONLY public.budget_budget
    ADD CONSTRAINT budget_budget_pkey PRIMARY KEY (id);


--
-- Name: category_category category_category_category_user_id_23dafd05_uniq; Type: CONSTRAINT; Schema: public; Owner: -
--

ALTER TABLE ONLY public.category_category
    ADD CONSTRAINT category_category_category_user_id_23dafd05_uniq UNIQUE (category, user_id);


--
-- Name: category_category category_category_pkey; Type: CONSTRAINT; Schema: public; Owner: -
--

ALTER TABLE ONLY public.category_category
    ADD CONSTRAINT category_category_pkey PRIMARY KEY (id);


--
-- Name: currency_currency currency_currency_pkey; Type: CONSTRAINT; Schema: public; Owner: -
--

ALTER TABLE ONLY public.currency_currency
    ADD CONSTRAINT currency_currency_pkey PRIMARY KEY (code);


--
-- Name: django_admin_log django_admin_log_pkey; Type: CONSTRAINT; Schema: public; Owner: -
--

ALTER TABLE ONLY public.django_admin_log
    ADD CONSTRAINT django_admin_log_pkey PRIMARY KEY (id);


--
-- Name: django_content_type django_content_type_app_label_model_76bd3d3b_uniq; Type: CONSTRAINT; Schema: public; Owner: -
--

ALTER TABLE ONLY public.django_content_type
    ADD CONSTRAINT django_content_type_app_label_model_76bd3d3b_uniq UNIQUE (app_label, model);


--
-- Name: django_content_type django_content_type_pkey; Type: CONSTRAINT; Schema: public; Owner: -
--

ALTER TABLE ONLY public.django_content_type
    ADD CONSTRAINT django_content_type_pkey PRIMARY KEY (id);


--
-- Name: django_migrations django_migrations_pkey; Type: CONSTRAINT; Schema: public; Owner: -
--

ALTER TABLE ONLY public.django_migrations
    ADD CONSTRAINT django_migrations_pkey PRIMARY KEY (id);


--
-- Name: django_session django_session_pkey; Type: CONSTRAINT; Schema: public; Owner: -
--

ALTER TABLE ONLY public.django_session
    ADD CONSTRAINT django_session_pkey PRIMARY KEY (session_key);


--
-- Name: fileupload_fileupload fileupload_fileupload_pkey; Type: CONSTRAINT; Schema: public; Owner: -
--

ALTER TABLE ONLY public.fileupload_fileupload
    ADD CONSTRAINT fileupload_fileupload_pkey PRIMARY KEY (id);


--
-- Name: transaction_transaction transaction_transaction_pkey; Type: CONSTRAINT; Schema: public; Owner: -
--

ALTER TABLE ONLY public.transaction_transaction
    ADD CONSTRAINT transaction_transaction_pkey PRIMARY KEY (id);


--
-- Name: budget_budget unique_budget; Type: CONSTRAINT; Schema: public; Owner: -
--

ALTER TABLE ONLY public.budget_budget
    ADD CONSTRAINT unique_budget UNIQUE (category_id, start_date, user_id);


--
-- Name: auth_group_name_a6ea08ec_like; Type: INDEX; Schema: public; Owner: -
--

CREATE INDEX auth_group_name_a6ea08ec_like ON public.auth_group USING btree (name varchar_pattern_ops);


--
-- Name: auth_group_permissions_group_id_b120cbf9; Type: INDEX; Schema: public; Owner: -
--

CREATE INDEX auth_group_permissions_group_id_b120cbf9 ON public.auth_group_permissions USING btree (group_id);


--
-- Name: auth_group_permissions_permission_id_84c5c92e; Type: INDEX; Schema: public; Owner: -
--

CREATE INDEX auth_group_permissions_permission_id_84c5c92e ON public.auth_group_permissions USING btree (permission_id);


--
-- Name: auth_permission_content_type_id_2f476e4b; Type: INDEX; Schema: public; Owner: -
--

CREATE INDEX auth_permission_content_type_id_2f476e4b ON public.auth_permission USING btree (content_type_id);


--
-- Name: auth_user_groups_group_id_97559544; Type: INDEX; Schema: public; Owner: -
--

CREATE INDEX auth_user_groups_group_id_97559544 ON public.auth_user_groups USING btree (group_id);


--
-- Name: auth_user_groups_user_id_6a12ed8b; Type: INDEX; Schema: public; Owner: -
--

CREATE INDEX auth_user_groups_user_id_6a12ed8b ON public.auth_user_groups USING btree (user_id);


--
-- Name: auth_user_user_permissions_permission_id_1fbb5f2c; Type: INDEX; Schema: public; Owner: -
--

CREATE INDEX auth_user_user_permissions_permission_id_1fbb5f2c ON public.auth_user_user_permissions USING btree (permission_id);


--
-- Name: auth_user_user_permissions_user_id_a95ead1b; Type: INDEX; Schema: public; Owner: -
--

CREATE INDEX auth_user_user_permissions_user_id_a95ead1b ON public.auth_user_user_permissions USING btree (user_id);


--
-- Name: auth_user_username_6821ab7c_like; Type: INDEX; Schema: public; Owner: -
--

CREATE INDEX auth_user_username_6821ab7c_like ON public.auth_user USING btree (username varchar_pattern_ops);


--
-- Name: authtoken_token_key_10f0b77e_like; Type: INDEX; Schema: public; Owner: -
--

CREATE INDEX authtoken_token_key_10f0b77e_like ON public.authtoken_token USING btree (key varchar_pattern_ops);


--
-- Name: budget_budget_category_id_93ac29df; Type: INDEX; Schema: public; Owner: -
--

CREATE INDEX budget_budget_category_id_93ac29df ON public.budget_budget USING btree (category_id);


--
-- Name: budget_budget_currency_id_17d119af; Type: INDEX; Schema: public; Owner: -
--

CREATE INDEX budget_budget_currency_id_17d119af ON public.budget_budget USING btree (currency_id);


--
-- Name: budget_budget_currency_id_17d119af_like; Type: INDEX; Schema: public; Owner: -
--

CREATE INDEX budget_budget_currency_id_17d119af_like ON public.budget_budget USING btree (currency_id varchar_pattern_ops);


--
-- Name: budget_budget_user_id_f08647ae; Type: INDEX; Schema: public; Owner: -
--

CREATE INDEX budget_budget_user_id_f08647ae ON public.budget_budget USING btree (user_id);


--
-- Name: category_category_user_id_6350d6af; Type: INDEX; Schema: public; Owner: -
--

CREATE INDEX category_category_user_id_6350d6af ON public.category_category USING btree (user_id);


--
-- Name: currency_currency_code_cde0e0d1_like; Type: INDEX; Schema: public; Owner: -
--

CREATE INDEX currency_currency_code_cde0e0d1_like ON public.currency_currency USING btree (code varchar_pattern_ops);


--
-- Name: django_admin_log_content_type_id_c4bce8eb; Type: INDEX; Schema: public; Owner: -
--

CREATE INDEX django_admin_log_content_type_id_c4bce8eb ON public.django_admin_log USING btree (content_type_id);


--
-- Name: django_admin_log_user_id_c564eba6; Type: INDEX; Schema: public; Owner: -
--

CREATE INDEX django_admin_log_user_id_c564eba6 ON public.django_admin_log USING btree (user_id);


--
-- Name: django_session_expire_date_a5c62663; Type: INDEX; Schema: public; Owner: -
--

CREATE INDEX django_session_expire_date_a5c62663 ON public.django_session USING btree (expire_date);


--
-- Name: django_session_session_key_c0390e0f_like; Type: INDEX; Schema: public; Owner: -
--

CREATE INDEX django_session_session_key_c0390e0f_like ON public.django_session USING btree (session_key varchar_pattern_ops);


--
-- Name: fileupload_fileupload_user_id_0daa108d; Type: INDEX; Schema: public; Owner: -
--

CREATE INDEX fileupload_fileupload_user_id_0daa108d ON public.fileupload_fileupload USING btree (user_id);


--
-- Name: transaction_transaction_category_id_d2877fb6; Type: INDEX; Schema: public; Owner: -
--

CREATE INDEX transaction_transaction_category_id_d2877fb6 ON public.transaction_transaction USING btree (category_id);


--
-- Name: transaction_transaction_currency_id_95e2fe92; Type: INDEX; Schema: public; Owner: -
--

CREATE INDEX transaction_transaction_currency_id_95e2fe92 ON public.transaction_transaction USING btree (currency_id);


--
-- Name: transaction_transaction_currency_id_95e2fe92_like; Type: INDEX; Schema: public; Owner: -
--

CREATE INDEX transaction_transaction_currency_id_95e2fe92_like ON public.transaction_transaction USING btree (currency_id varchar_pattern_ops);


--
-- Name: transaction_transaction_file_id_48e97a42; Type: INDEX; Schema: public; Owner: -
--

CREATE INDEX transaction_transaction_file_id_48e97a42 ON public.transaction_transaction USING btree (file_id);


--
-- Name: transaction_transaction_user_id_9105ab00; Type: INDEX; Schema: public; Owner: -
--

CREATE INDEX transaction_transaction_user_id_9105ab00 ON public.transaction_transaction USING btree (user_id);


--
-- Name: auth_group_permissions auth_group_permissio_permission_id_84c5c92e_fk_auth_perm; Type: FK CONSTRAINT; Schema: public; Owner: -
--

ALTER TABLE ONLY public.auth_group_permissions
    ADD CONSTRAINT auth_group_permissio_permission_id_84c5c92e_fk_auth_perm FOREIGN KEY (permission_id) REFERENCES public.auth_permission(id) DEFERRABLE INITIALLY DEFERRED;


--
-- Name: auth_group_permissions auth_group_permissions_group_id_b120cbf9_fk_auth_group_id; Type: FK CONSTRAINT; Schema: public; Owner: -
--

ALTER TABLE ONLY public.auth_group_permissions
    ADD CONSTRAINT auth_group_permissions_group_id_b120cbf9_fk_auth_group_id FOREIGN KEY (group_id) REFERENCES public.auth_group(id) DEFERRABLE INITIALLY DEFERRED;


--
-- Name: auth_permission auth_permission_content_type_id_2f476e4b_fk_django_co; Type: FK CONSTRAINT; Schema: public; Owner: -
--

ALTER TABLE ONLY public.auth_permission
    ADD CONSTRAINT auth_permission_content_type_id_2f476e4b_fk_django_co FOREIGN KEY (content_type_id) REFERENCES public.django_content_type(id) DEFERRABLE INITIALLY DEFERRED;


--
-- Name: auth_user_groups auth_user_groups_group_id_97559544_fk_auth_group_id; Type: FK CONSTRAINT; Schema: public; Owner: -
--

ALTER TABLE ONLY public.auth_user_groups
    ADD CONSTRAINT auth_user_groups_group_id_97559544_fk_auth_group_id FOREIGN KEY (group_id) REFERENCES public.auth_group(id) DEFERRABLE INITIALLY DEFERRED;


--
-- Name: auth_user_groups auth_user_groups_user_id_6a12ed8b_fk_auth_user_id; Type: FK CONSTRAINT; Schema: public; Owner: -
--

ALTER TABLE ONLY public.auth_user_groups
    ADD CONSTRAINT auth_user_groups_user_id_6a12ed8b_fk_auth_user_id FOREIGN KEY (user_id) REFERENCES public.auth_user(id) DEFERRABLE INITIALLY DEFERRED;


--
-- Name: auth_user_user_permissions auth_user_user_permi_permission_id_1fbb5f2c_fk_auth_perm; Type: FK CONSTRAINT; Schema: public; Owner: -
--

ALTER TABLE ONLY public.auth_user_user_permissions
    ADD CONSTRAINT auth_user_user_permi_permission_id_1fbb5f2c_fk_auth_perm FOREIGN KEY (permission_id) REFERENCES public.auth_permission(id) DEFERRABLE INITIALLY DEFERRED;


--
-- Name: auth_user_user_permissions auth_user_user_permissions_user_id_a95ead1b_fk_auth_user_id; Type: FK CONSTRAINT; Schema: public; Owner: -
--

ALTER TABLE ONLY public.auth_user_user_permissions
    ADD CONSTRAINT auth_user_user_permissions_user_id_a95ead1b_fk_auth_user_id FOREIGN KEY (user_id) REFERENCES public.auth_user(id) DEFERRABLE INITIALLY DEFERRED;


--
-- Name: authtoken_token authtoken_token_user_id_35299eff_fk_auth_user_id; Type: FK CONSTRAINT; Schema: public; Owner: -
--

ALTER TABLE ONLY public.authtoken_token
    ADD CONSTRAINT authtoken_token_user_id_35299eff_fk_auth_user_id FOREIGN KEY (user_id) REFERENCES public.auth_user(id) DEFERRABLE INITIALLY DEFERRED;


--
-- Name: budget_budget budget_budget_category_id_93ac29df_fk_category_category_id; Type: FK CONSTRAINT; Schema: public; Owner: -
--

ALTER TABLE ONLY public.budget_budget
    ADD CONSTRAINT budget_budget_category_id_93ac29df_fk_category_category_id FOREIGN KEY (category_id) REFERENCES public.category_category(id) DEFERRABLE INITIALLY DEFERRED;


--
-- Name: budget_budget budget_budget_currency_id_17d119af_fk_currency_currency_code; Type: FK CONSTRAINT; Schema: public; Owner: -
--

ALTER TABLE ONLY public.budget_budget
    ADD CONSTRAINT budget_budget_currency_id_17d119af_fk_currency_currency_code FOREIGN KEY (currency_id) REFERENCES public.currency_currency(code) DEFERRABLE INITIALLY DEFERRED;


--
-- Name: budget_budget budget_budget_user_id_f08647ae_fk_auth_user_id; Type: FK CONSTRAINT; Schema: public; Owner: -
--

ALTER TABLE ONLY public.budget_budget
    ADD CONSTRAINT budget_budget_user_id_f08647ae_fk_auth_user_id FOREIGN KEY (user_id) REFERENCES public.auth_user(id) DEFERRABLE INITIALLY DEFERRED;


--
-- Name: category_category category_category_user_id_6350d6af_fk_auth_user_id; Type: FK CONSTRAINT; Schema: public; Owner: -
--

ALTER TABLE ONLY public.category_category
    ADD CONSTRAINT category_category_user_id_6350d6af_fk_auth_user_id FOREIGN KEY (user_id) REFERENCES public.auth_user(id) DEFERRABLE INITIALLY DEFERRED;


--
-- Name: django_admin_log django_admin_log_content_type_id_c4bce8eb_fk_django_co; Type: FK CONSTRAINT; Schema: public; Owner: -
--

ALTER TABLE ONLY public.django_admin_log
    ADD CONSTRAINT django_admin_log_content_type_id_c4bce8eb_fk_django_co FOREIGN KEY (content_type_id) REFERENCES public.django_content_type(id) DEFERRABLE INITIALLY DEFERRED;


--
-- Name: django_admin_log django_admin_log_user_id_c564eba6_fk_auth_user_id; Type: FK CONSTRAINT; Schema: public; Owner: -
--

ALTER TABLE ONLY public.django_admin_log
    ADD CONSTRAINT django_admin_log_user_id_c564eba6_fk_auth_user_id FOREIGN KEY (user_id) REFERENCES public.auth_user(id) DEFERRABLE INITIALLY DEFERRED;


--
-- Name: fileupload_fileupload fileupload_fileupload_user_id_0daa108d_fk_auth_user_id; Type: FK CONSTRAINT; Schema: public; Owner: -
--

ALTER TABLE ONLY public.fileupload_fileupload
    ADD CONSTRAINT fileupload_fileupload_user_id_0daa108d_fk_auth_user_id FOREIGN KEY (user_id) REFERENCES public.auth_user(id) DEFERRABLE INITIALLY DEFERRED;


--
-- Name: transaction_transaction transaction_transact_category_id_d2877fb6_fk_category_; Type: FK CONSTRAINT; Schema: public; Owner: -
--

ALTER TABLE ONLY public.transaction_transaction
    ADD CONSTRAINT transaction_transact_category_id_d2877fb6_fk_category_ FOREIGN KEY (category_id) REFERENCES public.category_category(id) DEFERRABLE INITIALLY DEFERRED;


--
-- Name: transaction_transaction transaction_transact_currency_id_95e2fe92_fk_currency_; Type: FK CONSTRAINT; Schema: public; Owner: -
--

ALTER TABLE ONLY public.transaction_transaction
    ADD CONSTRAINT transaction_transact_currency_id_95e2fe92_fk_currency_ FOREIGN KEY (currency_id) REFERENCES public.currency_currency(code) DEFERRABLE INITIALLY DEFERRED;


--
-- Name: transaction_transaction transaction_transact_file_id_48e97a42_fk_fileuploa; Type: FK CONSTRAINT; Schema: public; Owner: -
--

ALTER TABLE ONLY public.transaction_transaction
    ADD CONSTRAINT transaction_transact_file_id_48e97a42_fk_fileuploa FOREIGN KEY (file_id) REFERENCES public.fileupload_fileupload(id) DEFERRABLE INITIALLY DEFERRED;


--
-- Name: transaction_transaction transaction_transaction_user_id_9105ab00_fk_auth_user_id; Type: FK CONSTRAINT; Schema: public; Owner: -
--

ALTER TABLE ONLY public.transaction_transaction
    ADD CONSTRAINT transaction_transaction_user_id_9105ab00_fk_auth_user_id FOREIGN KEY (user_id) REFERENCES public.auth_user(id) DEFERRABLE INITIALLY DEFERRED;


--
-- PostgreSQL database dump complete
--

